{
    "intents": {
        "SearchCreativeWork": {
            "recall": {
                "10": [
                    0.96, 
                    0.98, 
                    0.97
                ], 
                "20": [
                    0.97, 
                    0.99, 
                    0.98
                ], 
                "50": [
                    0.6, 
                    0.95, 
                    0.95
                ], 
                "70": [
                    0.99, 
                    0.98, 
                    0.97
                ]
            }, 
            "slots": {
                "object_name": {
                    "recall": {
                        "10": [
                            0.4, 
                            0.64, 
                            0.49
                        ], 
                        "20": [
                            0.63, 
                            0.73, 
                            0.67
                        ], 
                        "50": [
                            0.46, 
                            0.62, 
                            0.65
                        ], 
                        "70": [
                            0.82, 
                            0.75, 
                            0.68
                        ]
                    }, 
                    "rate": 100, 
                    "precision": {
                        "10": [
                            1.0, 
                            1.0, 
                            1.0
                        ], 
                        "20": [
                            1.0, 
                            1.0, 
                            1.0
                        ], 
                        "50": [
                            1.0, 
                            1.0, 
                            1.0
                        ], 
                        "70": [
                            1.0, 
                            1.0, 
                            1.0
                        ]
                    }
                }, 
                "object_type": {
                    "recall": {
                        "10": [
                            0.7397260273972602, 
                            0.547945205479452, 
                            0.684931506849315
                        ], 
                        "20": [
                            0.6712328767123288, 
                            0.6575342465753424, 
                            0.6438356164383562
                        ], 
                        "50": [
                            0.4794520547945205, 
                            0.7671232876712328, 
                            0.7808219178082192
                        ], 
                        "70": [
                            0.5616438356164384, 
                            0.6301369863013698, 
                            0.821917808219178
                        ]
                    }, 
                    "rate": 77, 
                    "precision": {
                        "10": [
                            0.7714285714285715, 
                            0.8163265306122449, 
                            0.78125
                        ], 
                        "20": [
                            0.7538461538461538, 
                            0.8727272727272727, 
                            0.7230769230769231
                        ], 
                        "50": [
                            0.8536585365853658, 
                            0.875, 
                            0.7916666666666666
                        ], 
                        "70": [
                            0.8541666666666666, 
                            0.7931034482758621, 
                            0.8450704225352113
                        ]
                    }
                }
            }, 
            "precision": {
                "10": [
                    1.0, 
                    1.0, 
                    1.0
                ], 
                "20": [
                    1.0, 
                    1.0, 
                    1.0
                ], 
                "50": [
                    1.0, 
                    1.0, 
                    1.0
                ], 
                "70": [
                    1.0, 
                    1.0, 
                    1.0
                ]
            }
        }
    }, 
    "execution_time": {
        "pred": {
            "10": [
                0.40560964107513425, 
                0.3001484799385071, 
                0.26229347944259646
            ], 
            "20": [
                0.23784173965454103, 
                0.23868534803390504, 
                0.24279438018798827
            ], 
            "50": [
                0.3018018388748169, 
                0.2525062203407288, 
                0.2525571298599243
            ], 
            "70": [
                0.2439579677581787, 
                0.2451993417739868, 
                0.2865855503082275
            ]
        }, 
        "fit": {
            "10": [
                93.13007998466492, 
                92.57890295982361, 
                92.22457504272461
            ], 
            "20": [
                85.13665699958801, 
                79.98982286453247, 
                85.93652105331421
            ], 
            "50": [
                162.52885818481445, 
                163.41672706604004, 
                86.14306402206421
            ], 
            "70": [
                167.57556295394897, 
                63.703505992889404, 
                86.7500810623169
            ]
        }
    }, 
    "validation_path": "data/en/amt/bench/bench_may/validate_SearchCreativeWork.json", 
    "training_path": "data/en/amt/bench/bench_may/train_SearchCreativeWork.json", 
    "training_name": "SearchCreativeWork", 
    "model_name": "api.ai", 
    "training_sizes": [
        10, 
        20, 
        50, 
        70
    ]
}