{
    "intents": {
        "SearchCreativeWork": {
            "recall": {
                "10": [
                    0.0, 
                    0.0, 
                    0.0
                ], 
                "20": [
                    0.0, 
                    0.0, 
                    0.0
                ], 
                "50": [
                    0.0, 
                    0.0, 
                    0.0
                ], 
                "70": [
                    0.0, 
                    0.0, 
                    0.0
                ]
            }, 
            "slots": {
                "object_name": {
                    "recall": {
                        "10": [
                            0.0, 
                            0.0, 
                            0.0
                        ], 
                        "20": [
                            0.14, 
                            0.0, 
                            0.0
                        ], 
                        "50": [
                            0.0, 
                            0.0, 
                            0.45
                        ], 
                        "70": [
                            0.0, 
                            0.59, 
                            0.0
                        ]
                    }, 
                    "rate": 100, 
                    "precision": {
                        "10": [
                            NaN, 
                            NaN, 
                            NaN
                        ], 
                        "20": [
                            0.6086956521739131, 
                            NaN, 
                            NaN
                        ], 
                        "50": [
                            NaN, 
                            NaN, 
                            0.8823529411764706
                        ], 
                        "70": [
                            NaN, 
                            0.8805970149253731, 
                            NaN
                        ]
                    }
                }, 
                "object_type": {
                    "recall": {
                        "10": [
                            0.3013698630136986, 
                            0.3972602739726027, 
                            0.410958904109589
                        ], 
                        "20": [
                            0.589041095890411, 
                            0.4520547945205479, 
                            0.7808219178082192
                        ], 
                        "50": [
                            0.9041095890410958, 
                            0.958904109589041, 
                            0.9315068493150684
                        ], 
                        "70": [
                            0.9041095890410958, 
                            0.9178082191780822, 
                            1.0
                        ]
                    }, 
                    "rate": 77, 
                    "precision": {
                        "10": [
                            0.7333333333333333, 
                            0.7631578947368421, 
                            0.75
                        ], 
                        "20": [
                            0.7962962962962963, 
                            0.7857142857142857, 
                            0.8382352941176471
                        ], 
                        "50": [
                            0.9565217391304348, 
                            0.958904109589041, 
                            0.918918918918919
                        ], 
                        "70": [
                            0.9565217391304348, 
                            0.9436619718309859, 
                            0.9605263157894737
                        ]
                    }
                }
            }, 
            "precision": {
                "10": [
                    NaN, 
                    NaN, 
                    NaN
                ], 
                "20": [
                    NaN, 
                    NaN, 
                    NaN
                ], 
                "50": [
                    NaN, 
                    NaN, 
                    NaN
                ], 
                "70": [
                    NaN, 
                    NaN, 
                    NaN
                ]
            }
        }
    }, 
    "execution_time": {
        "pred": {
            "10": [
                1.2374331402778624, 
                1.260684108734131, 
                1.2524772310256957
            ], 
            "20": [
                1.1966094017028808, 
                1.4005684399604796, 
                2.047036101818085
            ], 
            "50": [
                1.837898361682892, 
                1.2359887290000915, 
                1.6489326190948486
            ], 
            "70": [
                1.2401251602172851, 
                1.1942154002189636, 
                1.2698214507102967
            ]
        }, 
        "fit": {
            "10": [
                131.85978817939758, 
                133.05734205245972, 
                128.8786211013794
            ], 
            "20": [
                128.83473706245422, 
                131.91290998458862, 
                131.56610989570618
            ], 
            "50": [
                132.88493990898132, 
                131.90618681907654, 
                127.38174986839294
            ], 
            "70": [
                133.51782083511353, 
                127.47976398468018, 
                127.64315986633301
            ]
        }
    }, 
    "validation_path": "data/en/amt/bench/bench_may/validate_SearchCreativeWork.json", 
    "training_path": "data/en/amt/bench/bench_may/train_SearchCreativeWork.json", 
    "training_name": "SearchCreativeWork", 
    "model_name": "Wit", 
    "training_sizes": [
        10, 
        20, 
        50, 
        70
    ]
}