{
    "intents": {
        "BookRestaurant": {
            "recall": {
                "70": [
                    0.77, 
                    0.83, 
                    0.7
                ]
            }, 
            "slots": {
                "sort": {
                    "recall": {
                        "70": [
                            0.8888888888888888, 
                            0.7777777777777778, 
                            0.7777777777777778
                        ]
                    }, 
                    "rate": 35, 
                    "precision": {
                        "70": [
                            1.0, 
                            1.0, 
                            1.0
                        ]
                    }
                }, 
                "city": {
                    "recall": {
                        "70": [
                            0.30303030303030304, 
                            0.09090909090909091, 
                            0.30303030303030304
                        ]
                    }, 
                    "rate": 74, 
                    "precision": {
                        "70": [
                            0.5263157894736842, 
                            0.25, 
                            0.5
                        ]
                    }
                }, 
                "spatial_relation": {
                    "recall": {
                        "70": [
                            0.21052631578947367, 
                            0.21052631578947367, 
                            0.21052631578947367
                        ]
                    }, 
                    "rate": 44, 
                    "precision": {
                        "70": [
                            0.6666666666666666, 
                            0.6666666666666666, 
                            0.5714285714285714
                        ]
                    }
                }, 
                "facility": {
                    "recall": {
                        "70": [
                            0.2857142857142857, 
                            0.5714285714285714, 
                            0.2857142857142857
                        ]
                    }, 
                    "rate": 15, 
                    "precision": {
                        "70": [
                            1.0, 
                            1.0, 
                            1.0
                        ]
                    }
                }, 
                "country": {
                    "recall": {
                        "70": [
                            0.45, 
                            0.5, 
                            0.3
                        ]
                    }, 
                    "rate": 55, 
                    "precision": {
                        "70": [
                            0.391304347826087, 
                            0.38461538461538464, 
                            0.42857142857142855
                        ]
                    }
                }, 
                "party_size_description": {
                    "recall": {
                        "70": [
                            0.38461538461538464, 
                            0.38461538461538464, 
                            0.46153846153846156
                        ]
                    }, 
                    "rate": 56, 
                    "precision": {
                        "70": [
                            0.35714285714285715, 
                            0.5, 
                            0.5
                        ]
                    }
                }, 
                "restaurant_type": {
                    "recall": {
                        "70": [
                            0.532258064516129, 
                            0.6612903225806451, 
                            0.5645161290322581
                        ]
                    }, 
                    "rate": 183, 
                    "precision": {
                        "70": [
                            0.7674418604651163, 
                            0.82, 
                            0.813953488372093
                        ]
                    }
                }, 
                "cuisine": {
                    "recall": {
                        "70": [
                            0.0, 
                            0.0, 
                            0.0
                        ]
                    }, 
                    "rate": 26, 
                    "precision": {
                        "70": [
                            NaN, 
                            0.0, 
                            NaN
                        ]
                    }
                }, 
                "state": {
                    "recall": {
                        "70": [
                            0.68, 
                            0.48, 
                            0.56
                        ]
                    }, 
                    "rate": 84, 
                    "precision": {
                        "70": [
                            0.6538461538461539, 
                            0.5, 
                            0.56
                        ]
                    }
                }, 
                "restaurant_name": {
                    "recall": {
                        "70": [
                            0.4, 
                            0.5, 
                            0.4
                        ]
                    }, 
                    "rate": 69, 
                    "precision": {
                        "70": [
                            0.6666666666666666, 
                            0.7142857142857143, 
                            0.7272727272727273
                        ]
                    }
                }, 
                "poi": {
                    "recall": {
                        "70": [
                            0.0, 
                            0.0, 
                            0.0
                        ]
                    }, 
                    "rate": 25, 
                    "precision": {
                        "70": [
                            NaN, 
                            NaN, 
                            NaN
                        ]
                    }
                }, 
                "party_size_number": {
                    "recall": {
                        "70": [
                            0.5263157894736842, 
                            0.5789473684210527, 
                            0.5087719298245614
                        ]
                    }, 
                    "rate": 135, 
                    "precision": {
                        "70": [
                            0.8571428571428571, 
                            0.825, 
                            0.8529411764705882
                        ]
                    }
                }, 
                "served_dish": {
                    "recall": {
                        "70": [
                            0.2, 
                            0.2, 
                            0.0
                        ]
                    }, 
                    "rate": 22, 
                    "precision": {
                        "70": [
                            0.3333333333333333, 
                            0.25, 
                            0.0
                        ]
                    }
                }, 
                "snips/datetime": {
                    "recall": {
                        "70": [
                            0.35294117647058826, 
                            0.47058823529411764, 
                            0.29411764705882354
                        ]
                    }, 
                    "rate": 100,