{
    "intents": {
        "RateBook": {
            "recall": {
                "70": [
                    1.0, 
                    0.99, 
                    1.0
                ]
            }, 
            "slots": {
                "object_part_of_series_type": {
                    "recall": {
                        "70": [
                            0.9333333333333333, 
                            0.8666666666666667, 
                            1.0
                        ]
                    }, 
                    "rate": 42, 
                    "precision": {
                        "70": [
                            1.0, 
                            1.0, 
                            1.0
                        ]
                    }
                }, 
                "rating_value": {
                    "recall": {
                        "70": [
                            0.52, 
                            0.53, 
                            0.56
                        ]
                    }, 
                    "rate": 300, 
                    "precision": {
                        "70": [
                            0.8, 
                            0.803030303030303, 
                            0.8115942028985508
                        ]
                    }
                }, 
                "object_type": {
                    "recall": {
                        "70": [
                            0.95, 
                            0.975, 
                            0.9
                        ]
                    }, 
                    "rate": 133, 
                    "precision": {
                        "70": [
                            0.9743589743589743, 
                            1.0, 
                            1.0
                        ]
                    }
                }, 
                "object_select": {
                    "recall": {
                        "70": [
                            0.9795918367346939, 
                            0.9795918367346939, 
                            0.9183673469387755
                        ]
                    }, 
                    "rate": 158, 
                    "precision": {
                        "70": [
                            1.0, 
                            1.0, 
                            1.0
                        ]
                    }
                }, 
                "object_name": {
                    "recall": {
                        "70": [
                            0.35294117647058826, 
                            0.39215686274509803, 
                            0.37254901960784315
                        ]
                    }, 
                    "rate": 142, 
                    "precision": {
                        "70": [
                            0.33962264150943394, 
                            0.38461538461538464, 
                            0.3392857142857143
                        ]
                    }
                }, 
                "rating_unit": {
                    "recall": {
                        "70": [
                            0.7704918032786885, 
                            0.7704918032786885, 
                            0.8360655737704918
                        ]
                    }, 
                    "rate": 198, 
                    "precision": {
                        "70": [
                            1.0, 
                            1.0, 
                            1.0
                        ]
                    }
                }, 
                "best_rating": {
                    "recall": {
                        "70": [
                            0.6078431372549019, 
                            0.6862745098039216, 
                            0.7058823529411765
                        ]
                    }, 
                    "rate": 173, 
                    "precision": {
                        "70": [
                            0.9393939393939394, 
                            0.9459459459459459, 
                            1.0
                        ]
                    }
                }
            }, 
            "precision": {
                "70": [
                    1.0, 
                    1.0, 
                    1.0
                ]
            }
        }
    }, 
    "execution_time": {
        "pred": {
            "70": [
                0.030000669956207274, 
                0.03003091096878052, 
                0.030024120807647704
            ]
        }, 
        "fit": {
            "70": [
                3.000063896179199, 
                3.0017800331115723, 
                3.00360107421875
            ]
        }
    }, 
    "validation_path": "../alexa-bench/alexa_bench/resources/predictions_relabeled/", 
    "training_path": "../alexa-bench/alexa_bench/resources/", 
    "training_name": "RateBook", 
    "model_name": "Alexa", 
    "training_sizes": [
        70
    ]
}