{
    "intents": {
        "RateBook": {
            "recall": {
                "10": [
                    0.98, 
                    0.99, 
                    0.99
                ], 
                "20": [
                    1.0, 
                    1.0, 
                    1.0
                ], 
                "50": [
                    1.0, 
                    1.0, 
                    0.02
                ], 
                "70": [
                    1.0, 
                    1.0, 
                    1.0
                ]
            }, 
            "slots": {
                "object_part_of_series_type": {
                    "recall": {
                        "10": [
                            0.26666666666666666, 
                            0.06666666666666667, 
                            0.2
                        ], 
                        "20": [
                            0.4666666666666667, 
                            0.0, 
                            0.2
                        ], 
                        "50": [
                            0.5333333333333333, 
                            0.4, 
                            0.06666666666666667
                        ], 
                        "70": [
                            0.26666666666666666, 
                            0.2, 
                            0.6
                        ]
                    }, 
                    "rate": 14, 
                    "precision": {
                        "10": [
                            0.3076923076923077, 
                            0.125, 
                            0.21428571428571427
                        ], 
                        "20": [
                            0.6363636363636364, 
                            0.0, 
                            0.16666666666666666
                        ], 
                        "50": [
                            0.4444444444444444, 
                            0.6, 
                            1.0
                        ], 
                        "70": [
                            0.26666666666666666, 
                            0.375, 
                            0.47368421052631576
                        ]
                    }
                }, 
                "rating_value": {
                    "recall": {
                        "10": [
                            0.84, 
                            0.83, 
                            0.76
                        ], 
                        "20": [
                            0.91, 
                            1.0, 
                            0.97
                        ], 
                        "50": [
                            0.97, 
                            0.95, 
                            0.02
                        ], 
                        "70": [
                            0.98, 
                            0.96, 
                            0.99
                        ]
                    }, 
                    "rate": 100, 
                    "precision": {
                        "10": [
                            1.0, 
                            1.0, 
                            1.0
                        ], 
                        "20": [
                            1.0, 
                            1.0, 
                            1.0
                        ], 
                        "50": [
                            1.0, 
                            1.0, 
                            1.0
                        ], 
                        "70": [
                            1.0, 
                            1.0, 
                            1.0
                        ]
                    }
                }, 
                "object_type": {
                    "recall": {
                        "10": [
                            0.6, 
                            0.825, 
                            0.475
                        ], 
                        "20": [
                            0.85, 
                            0.85, 
                            0.625
                        ], 
                        "50": [
                            0.675, 
                            0.85, 
                            0.025
                        ], 
                        "70": [
                            0.825, 
                            0.825, 
                            0.925
                        ]
                    }, 
                    "rate": 44, 
                    "precision": {
                        "10": [
                            0.8, 
                            0.5238095238095238, 
                            0.59375
                        ], 
                        "20": [
                            0.7555555555555555, 
                            0.5666666666666667, 
                            0.6944444444444444
                        ], 
                        "50": [
                            0.7941176470588235, 
                            0.7391304347826086, 
                            1.0
                        ], 
                        "70": [
                            0.825, 
                            0.75, 
                            0.9024390243902439
                        ]
                    }
                }, 
                "object_select": {
                    "recall": {
                        "10": [
                            0.7551020408163265, 
                            0.9183673469387755, 
                            0.8571428571428571
                        ], 
                        "20": [
                            0.9795918367346939, 
                            0.9183673469387755, 
                            0.9591836734693877
                        ], 
                        "50": [
                            0.9795918367346939, 
                            0.9795918367346939, 
                            0.04081632653061224
                        ], 
                        "70": [
                            0.9795918367346939, 
                            0.9795918367346939, 
                            1.0
                        ]
                    }, 
                    "rate": 52, 
                    "precision": {
                        "10": [
                            0.7872340425531915, 
                            0.5921052631578947, 
                            0.6774193548387096
                        ], 
                        "20": [
                            0.9795918367346939, 
                            0.9574468085106383, 
                            0.9591836734693877
                        ], 
                        "50": [
                            0.9795918367346939, 
                            0.96, 
                            1.0
                        ], 
                        "70": [
                            0.96, 
                            0.9795918367346939, 
                            0.98
                        ]
                    }
                }, 
                "object_name": {
                    "recall": {
                        "10": [
                            0.5686274509803921, 
                            0.13725490196078433, 
                            0.5098039215686274
                        ], 
                        "20": [
                            0.49019607843137253, 
                            0.39215686274509803, 
                            0.6862745098039216
                        ], 
                        "50": [
                            0.8823529411764706, 
                            0.8235294117647058, 
                            0.0
                        ],