{
    "intents": {
        "RateBook": {
            "recall": {
                "10": [
                    1.0, 
                    1.0, 
                    1.0
                ], 
                "20": [
                    1.0, 
                    1.0, 
                    1.0
                ], 
                "50": [
                    1.0, 
                    1.0, 
                    1.0
                ], 
                "70": [
                    1.0, 
                    1.0, 
                    1.0
                ]
            }, 
            "slots": {
                "object_part_of_series_type": {
                    "recall": {
                        "10": [
                            0.06666666666666667, 
                            0.0, 
                            0.0
                        ], 
                        "20": [
                            0.06666666666666667, 
                            0.0, 
                            0.13333333333333333
                        ], 
                        "50": [
                            0.2, 
                            0.13333333333333333, 
                            0.5333333333333333
                        ], 
                        "70": [
                            0.4, 
                            0.13333333333333333, 
                            0.5333333333333333
                        ]
                    }, 
                    "rate": 14, 
                    "precision": {
                        "10": [
                            1.0, 
                            NaN, 
                            NaN
                        ], 
                        "20": [
                            1.0, 
                            NaN, 
                            1.0
                        ], 
                        "50": [
                            1.0, 
                            1.0, 
                            1.0
                        ], 
                        "70": [
                            1.0, 
                            1.0, 
                            1.0
                        ]
                    }
                }, 
                "rating_value": {
                    "recall": {
                        "10": [
                            0.61, 
                            0.58, 
                            0.6
                        ], 
                        "20": [
                            0.72, 
                            0.76, 
                            0.65
                        ], 
                        "50": [
                            0.92, 
                            0.93, 
                            0.92
                        ], 
                        "70": [
                            0.97, 
                            0.94, 
                            0.92
                        ]
                    }, 
                    "rate": 100, 
                    "precision": {
                        "10": [
                            1.0, 
                            1.0, 
                            1.0
                        ], 
                        "20": [
                            1.0, 
                            1.0, 
                            1.0
                        ], 
                        "50": [
                            1.0, 
                            1.0, 
                            1.0
                        ], 
                        "70": [
                            1.0, 
                            1.0, 
                            1.0
                        ]
                    }
                }, 
                "object_type": {
                    "recall": {
                        "10": [
                            0.375, 
                            0.575, 
                            0.4
                        ], 
                        "20": [
                            0.65, 
                            0.575, 
                            0.45
                        ], 
                        "50": [
                            0.85, 
                            0.925, 
                            0.925
                        ], 
                        "70": [
                            0.975, 
                            0.95, 
                            0.875
                        ]
                    }, 
                    "rate": 44, 
                    "precision": {
                        "10": [
                            0.8823529411764706, 
                            0.8518518518518519, 
                            0.8
                        ], 
                        "20": [
                            1.0, 
                            0.8518518518518519, 
                            0.9473684210526315
                        ], 
                        "50": [
                            0.9714285714285714, 
                            0.9024390243902439, 
                            1.0
                        ], 
                        "70": [
                            0.975, 
                            0.8837209302325582, 
                            1.0
                        ]
                    }
                }, 
                "object_select": {
                    "recall": {
                        "10": [
                            0.5918367346938775, 
                            0.8163265306122449, 
                            0.7346938775510204
                        ], 
                        "20": [
                            0.9591836734693877, 
                            0.8163265306122449, 
                            0.8979591836734694
                        ], 
                        "50": [
                            0.9795918367346939, 
                            0.9795918367346939, 
                            0.9795918367346939
                        ], 
                        "70": [
                            0.9795918367346939, 
                            0.9795918367346939, 
                            0.9591836734693877
                        ]
                    }, 
                    "rate": 52, 
                    "precision": {
                        "10": [
                            1.0, 
                            1.0, 
                            1.0
                        ], 
                        "20": [
                            1.0, 
                            1.0, 
                            1.0
                        ], 
                        "50": [
                            1.0, 
                            1.0, 
                            1.0
                        ], 
                        "70": [
                            1.0, 
                            1.0, 
                            1.0
                        ]
                    }
                }, 
                "object_name": {
                    "recall": {
                        "10": [
                            0.0392156862745098, 
                            0.0, 
                            0.0
                        ], 
                        "20": [
                            0.058823529411764705, 
                            0.0392156862745098, 
                            0.11764705882352941
                        ], 
                        "50": [
                            0.39215686274509803, 
                            0.49019607843137253, 
                            0.47058823529411764
                        ], 
                        "70": [
                            0.5294117647058824, 
                            0.7058823529411765, 
                            0.7647058823529411
                        ]
                    }, 
                    "rate": 47,