{
    "intents": {
        "RateBook": {
            "recall": {
                "10": [
                    0.0, 
                    0.0, 
                    0.0
                ], 
                "20": [
                    0.0, 
                    0.0, 
                    0.0
                ], 
                "50": [
                    0.0, 
                    0.0, 
                    0.0
                ], 
                "70": [
                    0.0, 
                    0.0, 
                    0.0
                ]
            }, 
            "slots": {
                "object_part_of_series_type": {
                    "recall": {
                        "10": [
                            0.4, 
                            0.13333333333333333, 
                            0.4
                        ], 
                        "20": [
                            0.8666666666666667, 
                            0.13333333333333333, 
                            0.5333333333333333
                        ], 
                        "50": [
                            0.8666666666666667, 
                            1.0, 
                            0.9333333333333333
                        ], 
                        "70": [
                            0.8666666666666667, 
                            1.0, 
                            0.9333333333333333
                        ]
                    }, 
                    "rate": 14, 
                    "precision": {
                        "10": [
                            1.0, 
                            1.0, 
                            1.0
                        ], 
                        "20": [
                            1.0, 
                            1.0, 
                            1.0
                        ], 
                        "50": [
                            1.0, 
                            1.0, 
                            1.0
                        ], 
                        "70": [
                            1.0, 
                            1.0, 
                            1.0
                        ]
                    }
                }, 
                "rating_value": {
                    "recall": {
                        "10": [
                            0.65, 
                            0.63, 
                            0.74
                        ], 
                        "20": [
                            0.91, 
                            0.88, 
                            0.85
                        ], 
                        "50": [
                            1.0, 
                            1.0, 
                            1.0
                        ], 
                        "70": [
                            0.99, 
                            1.0, 
                            1.0
                        ]
                    }, 
                    "rate": 100, 
                    "precision": {
                        "10": [
                            0.9848484848484849, 
                            0.984375, 
                            0.9866666666666667
                        ], 
                        "20": [
                            0.9891304347826086, 
                            0.9887640449438202, 
                            0.9883720930232558
                        ], 
                        "50": [
                            0.9900990099009901, 
                            0.9900990099009901, 
                            0.9900990099009901
                        ], 
                        "70": [
                            0.99, 
                            0.9900990099009901, 
                            0.9803921568627451
                        ]
                    }
                }, 
                "object_type": {
                    "recall": {
                        "10": [
                            0.725, 
                            0.95, 
                            0.475
                        ], 
                        "20": [
                            1.0, 
                            1.0, 
                            0.8
                        ], 
                        "50": [
                            1.0, 
                            1.0, 
                            0.975
                        ], 
                        "70": [
                            0.975, 
                            1.0, 
                            0.975
                        ]
                    }, 
                    "rate": 44, 
                    "precision": {
                        "10": [
                            1.0, 
                            1.0, 
                            1.0
                        ], 
                        "20": [
                            1.0, 
                            1.0, 
                            1.0
                        ], 
                        "50": [
                            1.0, 
                            1.0, 
                            1.0
                        ], 
                        "70": [
                            1.0, 
                            1.0, 
                            1.0
                        ]
                    }
                }, 
                "object_select": {
                    "recall": {
                        "10": [
                            1.0, 
                            1.0, 
                            1.0
                        ], 
                        "20": [
                            1.0, 
                            1.0, 
                            1.0
                        ], 
                        "50": [
                            1.0, 
                            1.0, 
                            1.0
                        ], 
                        "70": [
                            1.0, 
                            1.0, 
                            1.0
                        ]
                    }, 
                    "rate": 52, 
                    "precision": {
                        "10": [
                            0.9607843137254902, 
                            0.9607843137254902, 
                            0.9607843137254902
                        ], 
                        "20": [
                            0.9607843137254902, 
                            0.9607843137254902, 
                            0.9607843137254902
                        ], 
                        "50": [
                            0.9607843137254902, 
                            0.9607843137254902, 
                            1.0
                        ], 
                        "70": [
                            1.0, 
                            0.9607843137254902, 
                            1.0
                        ]
                    }
                }, 
                "object_name": {
                    "recall": {
                        "10": [
                            0.0196078431372549, 
                            0.0, 
                            0.0
                        ], 
                        "20": [
                            0.0196078431372549, 
                            0.0196078431372549, 
                            0.0196078431372549
                        ], 
                        "50": [
                            0.0196078431372549, 
                            0.0196078431372549, 
                            0.6666666666666666
                        ], 
                        "70": [
                            0.7647058823529411, 
                            0.0392156862745098, 
                            0.8235294117647058
                        ]
                    }, 
                    "rate": 47,