{
    "intents": {
        "PlayMusic": {
            "recall": {
                "10": [
                    1.0, 
                    1.0, 
                    1.0
                ], 
                "20": [
                    1.0, 
                    1.0, 
                    1.0
                ], 
                "50": [
                    1.0, 
                    1.0, 
                    1.0
                ], 
                "70": [
                    1.0, 
                    1.0, 
                    1.0
                ]
            }, 
            "slots": {
                "sort": {
                    "recall": {
                        "10": [
                            0.0, 
                            0.0, 
                            0.0
                        ], 
                        "20": [
                            0.0, 
                            0.0, 
                            0.0
                        ], 
                        "50": [
                            0.11764705882352941, 
                            0.11764705882352941, 
                            0.058823529411764705
                        ], 
                        "70": [
                            0.17647058823529413, 
                            0.23529411764705882, 
                            0.23529411764705882
                        ]
                    }, 
                    "rate": 16, 
                    "precision": {
                        "10": [
                            NaN, 
                            NaN, 
                            NaN
                        ], 
                        "20": [
                            NaN, 
                            NaN, 
                            NaN
                        ], 
                        "50": [
                            1.0, 
                            0.6666666666666666, 
                            1.0
                        ], 
                        "70": [
                            1.0, 
                            1.0, 
                            0.8
                        ]
                    }
                }, 
                "album": {
                    "recall": {
                        "10": [
                            0.0, 
                            0.0, 
                            0.0
                        ], 
                        "20": [
                            0.0, 
                            0.0, 
                            0.0
                        ], 
                        "50": [
                            0.0, 
                            0.0, 
                            0.0
                        ], 
                        "70": [
                            0.0, 
                            0.0, 
                            0.0
                        ]
                    }, 
                    "rate": 9, 
                    "precision": {
                        "10": [
                            NaN, 
                            NaN, 
                            NaN
                        ], 
                        "20": [
                            NaN, 
                            NaN, 
                            NaN
                        ], 
                        "50": [
                            NaN, 
                            NaN, 
                            NaN
                        ], 
                        "70": [
                            NaN, 
                            NaN, 
                            NaN
                        ]
                    }
                }, 
                "playlist": {
                    "recall": {
                        "10": [
                            0.0, 
                            0.0, 
                            0.2222222222222222
                        ], 
                        "20": [
                            0.0, 
                            0.0, 
                            0.0
                        ], 
                        "50": [
                            0.0, 
                            0.0, 
                            0.2222222222222222
                        ], 
                        "70": [
                            0.0, 
                            0.0, 
                            0.0
                        ]
                    }, 
                    "rate": 6, 
                    "precision": {
                        "10": [
                            NaN, 
                            NaN, 
                            1.0
                        ], 
                        "20": [
                            NaN, 
                            NaN, 
                            NaN
                        ], 
                        "50": [
                            NaN, 
                            NaN, 
                            1.0
                        ], 
                        "70": [
                            NaN, 
                            NaN, 
                            NaN
                        ]
                    }
                }, 
                "service": {
                    "recall": {
                        "10": [
                            0.02564102564102564, 
                            0.1794871794871795, 
                            0.0
                        ], 
                        "20": [
                            0.02564102564102564, 
                            0.23076923076923078, 
                            0.23076923076923078
                        ], 
                        "50": [
                            0.5128205128205128, 
                            0.717948717948718, 
                            0.38461538461538464
                        ], 
                        "70": [
                            0.6153846153846154, 
                            0.6923076923076923, 
                            0.358974358974359
                        ]
                    }, 
                    "rate": 34, 
                    "precision": {
                        "10": [
                            1.0, 
                            1.0, 
                            NaN
                        ], 
                        "20": [
                            1.0, 
                            1.0, 
                            1.0
                        ], 
                        "50": [
                            1.0, 
                            0.9655172413793104, 
                            1.0
                        ], 
                        "70": [
                            1.0, 
                            1.0, 
                            1.0
                        ]
                    }
                }, 
                "artist": {
                    "recall": {
                        "10": [
                            0.0, 
                            0.0, 
                            0.06349206349206349
                        ], 
                        "20": [
                            0.031746031746031744, 
                            0.1111111111111111, 
                            0.1111111111111111
                        ], 
                        "50": [
                            0.4444444444444444, 
                            0.42857142857142855, 
                            0.5396825396825397
                        ], 
                        "70": [
                            0.4603174603174603, 
                            0.5396825396825397, 
                            0.5079365079365079
                        ]
                    }, 
                    "rate": 62, 
                    "precision": {
                        "10": [
                            NaN, 
                            NaN, 
                            1.0
                        ],