{
    "intents": {
        "PlayMusic": {
            "recall": {
                "10": [
                    0.0, 
                    0.0, 
                    0.0
                ], 
                "20": [
                    0.0, 
                    0.0, 
                    0.0
                ], 
                "50": [
                    0.0, 
                    0.0, 
                    0.0
                ], 
                "70": [
                    0.0, 
                    0.0, 
                    0.0
                ]
            }, 
            "slots": {
                "sort": {
                    "recall": {
                        "10": [
                            0.0, 
                            0.0, 
                            0.058823529411764705
                        ], 
                        "20": [
                            0.0, 
                            0.058823529411764705, 
                            0.11764705882352941
                        ], 
                        "50": [
                            0.23529411764705882, 
                            0.29411764705882354, 
                            0.23529411764705882
                        ], 
                        "70": [
                            0.5294117647058824, 
                            0.29411764705882354, 
                            0.4117647058823529
                        ]
                    }, 
                    "rate": 16, 
                    "precision": {
                        "10": [
                            NaN, 
                            NaN, 
                            0.14285714285714285
                        ], 
                        "20": [
                            NaN, 
                            1.0, 
                            0.25
                        ], 
                        "50": [
                            0.5, 
                            1.0, 
                            1.0
                        ], 
                        "70": [
                            0.6923076923076923, 
                            1.0, 
                            0.875
                        ]
                    }
                }, 
                "album": {
                    "recall": {
                        "10": [
                            0.0, 
                            0.0, 
                            0.0
                        ], 
                        "20": [
                            0.0, 
                            0.0, 
                            0.0
                        ], 
                        "50": [
                            0.0, 
                            0.0, 
                            0.0
                        ], 
                        "70": [
                            0.0, 
                            0.0, 
                            0.0
                        ]
                    }, 
                    "rate": 9, 
                    "precision": {
                        "10": [
                            NaN, 
                            NaN, 
                            NaN
                        ], 
                        "20": [
                            NaN, 
                            NaN, 
                            NaN
                        ], 
                        "50": [
                            NaN, 
                            NaN, 
                            NaN
                        ], 
                        "70": [
                            NaN, 
                            NaN, 
                            NaN
                        ]
                    }
                }, 
                "playlist": {
                    "recall": {
                        "10": [
                            0.0, 
                            0.0, 
                            0.0
                        ], 
                        "20": [
                            0.0, 
                            0.0, 
                            0.0
                        ], 
                        "50": [
                            0.0, 
                            0.0, 
                            0.0
                        ], 
                        "70": [
                            0.0, 
                            0.0, 
                            0.0
                        ]
                    }, 
                    "rate": 6, 
                    "precision": {
                        "10": [
                            NaN, 
                            NaN, 
                            NaN
                        ], 
                        "20": [
                            NaN, 
                            NaN, 
                            NaN
                        ], 
                        "50": [
                            NaN, 
                            0.0, 
                            0.0
                        ], 
                        "70": [
                            NaN, 
                            0.0, 
                            NaN
                        ]
                    }
                }, 
                "service": {
                    "recall": {
                        "10": [
                            0.10256410256410256, 
                            0.1282051282051282, 
                            0.02564102564102564
                        ], 
                        "20": [
                            0.23076923076923078, 
                            0.2564102564102564, 
                            0.05128205128205128
                        ], 
                        "50": [
                            0.38461538461538464, 
                            0.7692307692307693, 
                            0.5128205128205128
                        ], 
                        "70": [
                            0.5128205128205128, 
                            0.48717948717948717, 
                            0.8461538461538461
                        ]
                    }, 
                    "rate": 34, 
                    "precision": {
                        "10": [
                            0.6666666666666666, 
                            0.5, 
                            0.5
                        ], 
                        "20": [
                            0.8181818181818182, 
                            0.5263157894736842, 
                            0.6666666666666666
                        ], 
                        "50": [
                            0.75, 
                            0.7894736842105263, 
                            0.7692307692307693
                        ], 
                        "70": [
                            0.7692307692307693, 
                            0.6785714285714286, 
                            0.8918918918918919
                        ]
                    }
                }, 
                "artist": {
                    "recall": {
                        "10": [
                            0.0, 
                            0.0, 
                            0.0
                        ], 
                        "20": [
                            0.0, 
                            0.0, 
                            0.0
                        ], 
                        "50": [
                            0.25396825396825395, 
                            0.0, 
                            0.2857142857142857
                        ], 
                        "70": [
                            0.3492063492063492, 
                            0.23809523809523808, 
                            0.0
                        ]
                    }, 
                    "rate": 62, 
                    "precision": {
                        "10": [
                            NaN, 
                            NaN, 
                            NaN
                        ],