{
    "intents": {
        "SearchCreativeWork": {
            "recall": {
                "10": [
                    1.0, 
                    1.0, 
                    1.0
                ], 
                "20": [
                    1.0, 
                    1.0, 
                    1.0
                ], 
                "50": [
                    1.0, 
                    1.0, 
                    1.0
                ], 
                "70": [
                    1.0, 
                    1.0, 
                    1.0
                ]
            }, 
            "slots": {
                "object_name": {
                    "recall": {
                        "10": [
                            0.19, 
                            0.18, 
                            0.21
                        ], 
                        "20": [
                            0.42, 
                            0.48, 
                            0.42
                        ], 
                        "50": [
                            0.65, 
                            0.7, 
                            0.66
                        ], 
                        "70": [
                            0.73, 
                            0.76, 
                            0.78
                        ]
                    }, 
                    "rate": 100, 
                    "precision": {
                        "10": [
                            1.0, 
                            1.0, 
                            1.0
                        ], 
                        "20": [
                            1.0, 
                            1.0, 
                            1.0
                        ], 
                        "50": [
                            1.0, 
                            1.0, 
                            1.0
                        ], 
                        "70": [
                            1.0, 
                            1.0, 
                            1.0
                        ]
                    }
                }, 
                "object_type": {
                    "recall": {
                        "10": [
                            0.0273972602739726, 
                            0.2054794520547945, 
                            0.136986301369863
                        ], 
                        "20": [
                            0.1917808219178082, 
                            0.2465753424657534, 
                            0.410958904109589
                        ], 
                        "50": [
                            0.6712328767123288, 
                            0.5616438356164384, 
                            0.7945205479452054
                        ], 
                        "70": [
                            0.6712328767123288, 
                            0.6164383561643836, 
                            0.9178082191780822
                        ]
                    }, 
                    "rate": 77, 
                    "precision": {
                        "10": [
                            1.0, 
                            1.0, 
                            1.0
                        ], 
                        "20": [
                            1.0, 
                            1.0, 
                            1.0
                        ], 
                        "50": [
                            0.98, 
                            0.9534883720930233, 
                            0.9508196721311475
                        ], 
                        "70": [
                            0.9607843137254902, 
                            1.0, 
                            1.0
                        ]
                    }
                }
            }, 
            "precision": {
                "10": [
                    1.0, 
                    1.0, 
                    1.0
                ], 
                "20": [
                    1.0, 
                    1.0, 
                    1.0
                ], 
                "50": [
                    1.0, 
                    1.0, 
                    1.0
                ], 
                "70": [
                    1.0, 
                    1.0, 
                    1.0
                ]
            }
        }
    }, 
    "execution_time": {
        "pred": {
            "10": [
                0.4012924695014954, 
                0.4152055811882019, 
                0.4040277600288391
            ], 
            "20": [
                0.4006899309158325, 
                0.4064324188232422, 
                0.40599990844726563
            ], 
            "50": [
                0.4074488115310669, 
                0.4034702301025391, 
                0.40434554100036624
            ], 
            "70": [
                0.4016836905479431, 
                0.40735544919967653, 
                0.4000175786018372
            ]
        }, 
        "fit": {
            "10": [
                309.37376499176025, 
                141.23220705986023, 
                139.81973600387573
            ], 
            "20": [
                141.27941513061523, 
                151.9643108844757, 
                151.69257998466492
            ], 
            "50": [
                150.66960501670837, 
                177.38863897323608, 
                184.09078788757324
            ], 
            "70": [
                177.55351209640503, 
                200.4946038722992, 
                197.9243140220642
            ]
        }
    }, 
    "validation_path": "data/en/amt/bench/bench_may/validate_SearchCreativeWork.json", 
    "training_path": "data/en/amt/bench/bench_may/train_SearchCreativeWork.json", 
    "training_name": "SearchCreativeWork", 
    "model_name": "Luis", 
    "training_sizes": [
        10, 
        20, 
        50, 
        70
    ]
}