{
    "intents": {
        "SearchCreativeWork": {
            "recall": {
                "10": [
                    0.9, 
                    1.0, 
                    0.94
                ], 
                "20": [
                    0.97, 
                    0.99, 
                    0.92
                ], 
                "50": [
                    0.98, 
                    1.0, 
                    0.98
                ], 
                "70": [
                    1.0, 
                    1.0, 
                    0.99
                ]
            }, 
            "slots": {
                "object_name": {
                    "recall": {
                        "10": [
                            0.61, 
                            0.6, 
                            0.38
                        ], 
                        "20": [
                            0.69, 
                            0.65, 
                            0.56
                        ], 
                        "50": [
                            0.7, 
                            0.86, 
                            0.75
                        ], 
                        "70": [
                            0.83, 
                            0.91, 
                            0.83
                        ]
                    }, 
                    "rate": 100, 
                    "precision": {
                        "10": [
                            0.5922330097087378, 
                            0.625, 
                            0.3958333333333333
                        ], 
                        "20": [
                            0.7040816326530612, 
                            0.6632653061224489, 
                            0.5833333333333334
                        ], 
                        "50": [
                            0.6862745098039216, 
                            0.8686868686868687, 
                            0.7075471698113207
                        ], 
                        "70": [
                            0.83, 
                            0.91, 
                            0.8469387755102041
                        ]
                    }
                }, 
                "object_type": {
                    "recall": {
                        "10": [
                            0.5205479452054794, 
                            0.7397260273972602, 
                            0.589041095890411
                        ], 
                        "20": [
                            0.8493150684931506, 
                            0.7397260273972602, 
                            0.821917808219178
                        ], 
                        "50": [
                            0.9315068493150684, 
                            0.958904109589041, 
                            0.9863013698630136
                        ], 
                        "70": [
                            0.9863013698630136, 
                            0.9452054794520548, 
                            0.9452054794520548
                        ]
                    }, 
                    "rate": 77, 
                    "precision": {
                        "10": [
                            0.8636363636363636, 
                            0.6506024096385542, 
                            0.5584415584415584
                        ], 
                        "20": [
                            0.7848101265822784, 
                            0.675, 
                            0.631578947368421
                        ], 
                        "50": [
                            0.8, 
                            0.8433734939759037, 
                            0.8470588235294118
                        ], 
                        "70": [
                            0.8888888888888888, 
                            0.9078947368421053, 
                            0.8023255813953488
                        ]
                    }
                }
            }, 
            "precision": {
                "10": [
                    1.0, 
                    1.0, 
                    1.0
                ], 
                "20": [
                    1.0, 
                    1.0, 
                    1.0
                ], 
                "50": [
                    1.0, 
                    1.0, 
                    1.0
                ], 
                "70": [
                    1.0, 
                    1.0, 
                    1.0
                ]
            }
        }
    }, 
    "execution_time": {
        "pred": {
            "10": [
                0.01473242998123169, 
                0.01032721996307373, 
                0.008402550220489502
            ], 
            "20": [
                0.009213619232177735, 
                0.009868199825286866, 
                0.008027780055999755
            ], 
            "50": [
                0.00843899965286255, 
                0.008612279891967773, 
                0.01267204999923706
            ], 
            "70": [
                0.008748631477355957, 
                0.008724081516265868, 
                0.009338111877441406
            ]
        }, 
        "fit": {
            "10": [
                2.145020008087158, 
                3.2602479457855225, 
                2.6426949501037598
            ], 
            "20": [
                2.421066999435425, 
                2.4188501834869385, 
                3.267810106277466
            ], 
            "50": [
                2.2642509937286377, 
                2.640615940093994, 
                2.358196973800659
            ], 
            "70": [
                2.4430739879608154, 
                2.9639840126037598, 
                3.018695831298828
            ]
        }
    }, 
    "validation_path": "data/en/amt/bench/bench_may/snips/validate_SearchCreativeWork.json", 
    "training_path": "data/en/amt/bench/bench_may/snips/train_SearchCreativeWork.json", 
    "training_name": "SearchCreativeWork", 
    "model_name": "Snips", 
    "training_sizes": [
        10, 
        20, 
        50, 
        70
    ]
}