{
    "intents": {
        "RateBook": {
            "recall": {
                "10": [
                    1.0, 
                    1.0, 
                    0.99
                ], 
                "20": [
                    0.99, 
                    0.98, 
                    0.99
                ], 
                "50": [
                    0.99, 
                    0.99, 
                    0.99
                ], 
                "70": [
                    0.99, 
                    0.99, 
                    0.99
                ]
            }, 
            "slots": {
                "object_part_of_series_type": {
                    "recall": {
                        "10": [
                            0.26666666666666666, 
                            0.06666666666666667, 
                            0.2
                        ], 
                        "20": [
                            0.8, 
                            0.0, 
                            0.4666666666666667
                        ], 
                        "50": [
                            0.8666666666666667, 
                            0.8, 
                            0.8666666666666667
                        ], 
                        "70": [
                            0.8, 
                            0.8666666666666667, 
                            0.8
                        ]
                    }, 
                    "rate": 14, 
                    "precision": {
                        "10": [
                            0.8, 
                            0.3333333333333333, 
                            0.5
                        ], 
                        "20": [
                            0.75, 
                            NaN, 
                            0.875
                        ], 
                        "50": [
                            0.8666666666666667, 
                            0.9230769230769231, 
                            0.8666666666666667
                        ], 
                        "70": [
                            0.9230769230769231, 
                            0.8666666666666667, 
                            0.9230769230769231
                        ]
                    }
                }, 
                "rating_value": {
                    "recall": {
                        "10": [
                            0.92, 
                            0.93, 
                            0.9
                        ], 
                        "20": [
                            0.94, 
                            0.98, 
                            0.89
                        ], 
                        "50": [
                            0.99, 
                            0.99, 
                            0.98
                        ], 
                        "70": [
                            0.99, 
                            0.98, 
                            0.99
                        ]
                    }, 
                    "rate": 100, 
                    "precision": {
                        "10": [
                            0.9484536082474226, 
                            0.9029126213592233, 
                            0.967741935483871
                        ], 
                        "20": [
                            0.9894736842105263, 
                            0.98989898989899, 
                            0.9888888888888889
                        ], 
                        "50": [
                            0.99, 
                            0.99, 
                            0.98989898989899
                        ], 
                        "70": [
                            0.99, 
                            0.98989898989899, 
                            0.99
                        ]
                    }
                }, 
                "object_type": {
                    "recall": {
                        "10": [
                            0.95, 
                            0.95, 
                            0.9
                        ], 
                        "20": [
                            0.975, 
                            0.975, 
                            0.975
                        ], 
                        "50": [
                            0.975, 
                            0.975, 
                            0.975
                        ], 
                        "70": [
                            0.975, 
                            0.975, 
                            0.975
                        ]
                    }, 
                    "rate": 44, 
                    "precision": {
                        "10": [
                            0.8260869565217391, 
                            0.59375, 
                            0.8181818181818182
                        ], 
                        "20": [
                            0.9285714285714286, 
                            0.78, 
                            0.9069767441860465
                        ], 
                        "50": [
                            1.0, 
                            1.0, 
                            1.0
                        ], 
                        "70": [
                            1.0, 
                            1.0, 
                            0.975
                        ]
                    }
                }, 
                "object_select": {
                    "recall": {
                        "10": [
                            0.9795918367346939, 
                            0.9591836734693877, 
                            0.9795918367346939
                        ], 
                        "20": [
                            0.9795918367346939, 
                            0.9591836734693877, 
                            0.9795918367346939
                        ], 
                        "50": [
                            0.9795918367346939, 
                            0.9795918367346939, 
                            0.9795918367346939
                        ], 
                        "70": [
                            0.9795918367346939, 
                            1.0, 
                            0.9795918367346939
                        ]
                    }, 
                    "rate": 52, 
                    "precision": {
                        "10": [
                            0.9411764705882353, 
                            0.6911764705882353, 
                            0.96
                        ], 
                        "20": [
                            0.8571428571428571, 
                            0.9591836734693877, 
                            0.9795918367346939
                        ], 
                        "50": [
                            1.0, 
                            1.0, 
                            1.0
                        ], 
                        "70": [
                            1.0, 
                            1.0, 
                            0.9795918367346939
                        ]
                    }
                }, 
                "object_name": {
                    "recall": {
                        "10": [
                            0.6666666666666666, 
                            0.19607843137254902, 
                            0.5882352941176471
                        ], 
                        "20": [
                            0.6078431372549019, 
                            0.7254901960784313, 
                            0.7254901960784313
                        ], 
                        "50": [
                            0.8235294117647058, 
                            0.8627450980392157, 
                            0.8823529411764706
                        ],