{
    "intents": {
        "GetWeather": {
            "recall": {
                "10": [
                    0.93, 
                    0.65, 
                    0.34
                ], 
                "20": [
                    0.66, 
                    0.96, 
                    0.97
                ], 
                "50": [
                    0.98, 
                    0.97, 
                    0.98
                ], 
                "70": [
                    0.99, 
                    0.97, 
                    0.89
                ]
            }, 
            "slots": {
                "city": {
                    "recall": {
                        "10": [
                            0.6052631578947368, 
                            0.0, 
                            0.02631578947368421
                        ], 
                        "20": [
                            0.42105263157894735, 
                            0.02631578947368421, 
                            0.0
                        ], 
                        "50": [
                            0.0, 
                            0.07894736842105263, 
                            0.02631578947368421
                        ], 
                        "70": [
                            0.02631578947368421, 
                            0.07894736842105263, 
                            0.10526315789473684
                        ]
                    }, 
                    "rate": 43, 
                    "precision": {
                        "10": [
                            0.8214285714285714, 
                            NaN, 
                            1.0
                        ], 
                        "20": [
                            0.7619047619047619, 
                            0.5, 
                            0.0
                        ], 
                        "50": [
                            0.0, 
                            1.0, 
                            0.5
                        ], 
                        "70": [
                            0.5, 
                            0.75, 
                            0.6666666666666666
                        ]
                    }
                }, 
                "spatial_relation": {
                    "recall": {
                        "10": [
                            0.0, 
                            0.0, 
                            0.07142857142857142
                        ], 
                        "20": [
                            0.07142857142857142, 
                            0.0, 
                            0.07142857142857142
                        ], 
                        "50": [
                            0.0, 
                            0.14285714285714285, 
                            0.2857142857142857
                        ], 
                        "70": [
                            0.07142857142857142, 
                            0.21428571428571427, 
                            0.35714285714285715
                        ]
                    }, 
                    "rate": 10, 
                    "precision": {
                        "10": [
                            0.0, 
                            NaN, 
                            0.5
                        ], 
                        "20": [
                            0.5, 
                            NaN, 
                            0.2
                        ], 
                        "50": [
                            0.0, 
                            0.6666666666666666, 
                            0.5714285714285714
                        ], 
                        "70": [
                            0.1111111111111111, 
                            0.5, 
                            0.7142857142857143
                        ]
                    }
                }, 
                "condition_description": {
                    "recall": {
                        "10": [
                            0.09090909090909091, 
                            0.2727272727272727, 
                            0.045454545454545456
                        ], 
                        "20": [
                            0.18181818181818182, 
                            0.5909090909090909, 
                            0.13636363636363635
                        ], 
                        "50": [
                            0.2727272727272727, 
                            0.36363636363636365, 
                            0.5454545454545454
                        ], 
                        "70": [
                            0.2727272727272727, 
                            0.36363636363636365, 
                            0.6818181818181818
                        ]
                    }, 
                    "rate": 21, 
                    "precision": {
                        "10": [
                            0.2857142857142857, 
                            0.21428571428571427, 
                            0.3333333333333333
                        ], 
                        "20": [
                            0.8, 
                            0.34210526315789475, 
                            0.23076923076923078
                        ], 
                        "50": [
                            0.2857142857142857, 
                            0.27586206896551724, 
                            0.46153846153846156
                        ], 
                        "70": [
                            0.375, 
                            0.42105263157894735, 
                            0.4838709677419355
                        ]
                    }
                }, 
                "condition_temperature": {
                    "recall": {
                        "10": [
                            0.7619047619047619, 
                            0.42857142857142855, 
                            0.2857142857142857
                        ], 
                        "20": [
                            0.42857142857142855, 
                            0.6190476190476191, 
                            0.6666666666666666
                        ], 
                        "50": [
                            0.8095238095238095, 
                            0.7142857142857143, 
                            0.6666666666666666
                        ], 
                        "70": [
                            0.9047619047619048, 
                            0.6190476190476191, 
                            0.42857142857142855
                        ]
                    }, 
                    "rate": 28, 
                    "precision": {
                        "10": [
                            0.4, 
                            0.45, 
                            0.5454545454545454
                        ], 
                        "20": [
                            0.5294117647058824, 
                            0.41935483870967744, 
                            0.42424242424242425
                        ], 
                        "50": [
                            0.5, 
                            0.4411764705882353, 
                            0.4827586206896552
                        ], 
                        "70": [
                            0.36538461538461536, 
                            0.34210526315789475, 
                            0.34615384615384615
                        ]
                    }
                }, 
                "timeRange": {
                    "recall": {
                        "10": [
                            0.421875, 
                            0.515625, 
                            0.296875
                        ], 
                        "20": [
                            0.453125, 
                            0.828125, 
                            0.796875
                        ],