{
    "intents": {
        "GetWeather": {
            "recall": {
                "10": [
                    1.0, 
                    1.0, 
                    1.0
                ], 
                "20": [
                    1.0, 
                    1.0, 
                    1.0
                ], 
                "50": [
                    1.0, 
                    1.0, 
                    1.0
                ], 
                "70": [
                    1.0, 
                    1.0, 
                    1.0
                ]
            }, 
            "slots": {
                "city": {
                    "recall": {
                        "10": [
                            0.02631578947368421, 
                            0.13157894736842105, 
                            0.0
                        ], 
                        "20": [
                            0.23684210526315788, 
                            0.02631578947368421, 
                            0.02631578947368421
                        ], 
                        "50": [
                            0.23684210526315788, 
                            0.5789473684210527, 
                            0.4473684210526316
                        ], 
                        "70": [
                            0.3684210526315789, 
                            0.5263157894736842, 
                            0.3684210526315789
                        ]
                    }, 
                    "rate": 43, 
                    "precision": {
                        "10": [
                            0.5, 
                            0.7142857142857143, 
                            NaN
                        ], 
                        "20": [
                            0.8181818181818182, 
                            0.5, 
                            1.0
                        ], 
                        "50": [
                            0.6, 
                            0.7333333333333333, 
                            0.7083333333333334
                        ], 
                        "70": [
                            0.7, 
                            0.6451612903225806, 
                            0.6363636363636364
                        ]
                    }
                }, 
                "spatial_relation": {
                    "recall": {
                        "10": [
                            0.0, 
                            0.0, 
                            0.0
                        ], 
                        "20": [
                            0.0, 
                            0.0, 
                            0.0
                        ], 
                        "50": [
                            0.0, 
                            0.0, 
                            0.0
                        ], 
                        "70": [
                            0.0, 
                            0.0, 
                            0.0
                        ]
                    }, 
                    "rate": 10, 
                    "precision": {
                        "10": [
                            NaN, 
                            NaN, 
                            NaN
                        ], 
                        "20": [
                            NaN, 
                            NaN, 
                            NaN
                        ], 
                        "50": [
                            NaN, 
                            NaN, 
                            NaN
                        ], 
                        "70": [
                            NaN, 
                            NaN, 
                            NaN
                        ]
                    }
                }, 
                "condition_description": {
                    "recall": {
                        "10": [
                            0.0, 
                            0.0, 
                            0.0
                        ], 
                        "20": [
                            0.045454545454545456, 
                            0.09090909090909091, 
                            0.045454545454545456
                        ], 
                        "50": [
                            0.045454545454545456, 
                            0.13636363636363635, 
                            0.18181818181818182
                        ], 
                        "70": [
                            0.09090909090909091, 
                            0.22727272727272727, 
                            0.3181818181818182
                        ]
                    }, 
                    "rate": 21, 
                    "precision": {
                        "10": [
                            NaN, 
                            NaN, 
                            NaN
                        ], 
                        "20": [
                            1.0, 
                            1.0, 
                            0.5
                        ], 
                        "50": [
                            1.0, 
                            1.0, 
                            1.0
                        ], 
                        "70": [
                            1.0, 
                            1.0, 
                            0.6363636363636364
                        ]
                    }
                }, 
                "condition_temperature": {
                    "recall": {
                        "10": [
                            0.3333333333333333, 
                            0.23809523809523808, 
                            0.3333333333333333
                        ], 
                        "20": [
                            0.19047619047619047, 
                            0.14285714285714285, 
                            0.38095238095238093
                        ], 
                        "50": [
                            0.5238095238095238, 
                            0.5238095238095238, 
                            0.38095238095238093
                        ], 
                        "70": [
                            0.6190476190476191, 
                            0.6190476190476191, 
                            0.38095238095238093
                        ]
                    }, 
                    "rate": 28, 
                    "precision": {
                        "10": [
                            0.875, 
                            1.0, 
                            0.7777777777777778
                        ], 
                        "20": [
                            1.0, 
                            1.0, 
                            0.7272727272727273
                        ], 
                        "50": [
                            1.0, 
                            0.8461538461538461, 
                            1.0
                        ], 
                        "70": [
                            1.0, 
                            0.8125, 
                            1.0
                        ]
                    }
                }, 
                "timeRange": {
                    "recall": {
                        "10": [
                            0.828125, 
                            0.828125, 
                            0.828125
                        ], 
                        "20": [
                            0.828125, 
                            0.828125, 
                            0.828125
                        ], 
                        "50": [
                            0.828125, 
                            0.828125, 
                            0.828125
                        ], 
                        "70": [
                            0.828125, 
                            0.828125, 
                            0.828125
                        ]
                    }, 
                    "rate": 48,