{
    "intents": {
        "SearchScreeningEvent": {
            "recall": {
                "70": [
                    0.95, 
                    0.97, 
                    0.96
                ]
            }, 
            "slots": {
                "spatial_relation": {
                    "recall": {
                        "70": [
                            0.6571428571428571, 
                            0.7428571428571429, 
                            0.6857142857142857
                        ]
                    }, 
                    "rate": 103, 
                    "precision": {
                        "70": [
                            0.8214285714285714, 
                            0.896551724137931, 
                            0.75
                        ]
                    }
                }, 
                "movie_name": {
                    "recall": {
                        "70": [
                            0.6122448979591837, 
                            0.6122448979591837, 
                            0.6326530612244898
                        ]
                    }, 
                    "rate": 149, 
                    "precision": {
                        "70": [
                            0.5555555555555556, 
                            0.5882352941176471, 
                            0.6078431372549019
                        ]
                    }
                }, 
                "object_type": {
                    "recall": {
                        "70": [
                            0.18604651162790697, 
                            0.27906976744186046, 
                            0.23255813953488372
                        ]
                    }, 
                    "rate": 118, 
                    "precision": {
                        "70": [
                            1.0, 
                            0.8571428571428571, 
                            0.6666666666666666
                        ]
                    }
                }, 
                "movie_type": {
                    "recall": {
                        "70": [
                            1.0, 
                            0.9583333333333334, 
                            1.0
                        ]
                    }, 
                    "rate": 85, 
                    "precision": {
                        "70": [
                            1.0, 
                            1.0, 
                            1.0
                        ]
                    }
                }, 
                "location_name": {
                    "recall": {
                        "70": [
                            0.2413793103448276, 
                            0.27586206896551724, 
                            0.20689655172413793
                        ]
                    }, 
                    "rate": 92, 
                    "precision": {
                        "70": [
                            0.23333333333333334, 
                            0.24242424242424243, 
                            0.1935483870967742
                        ]
                    }
                }, 
                "object_location_type": {
                    "recall": {
                        "70": [
                            0.55, 
                            0.5, 
                            0.6
                        ]
                    }, 
                    "rate": 80, 
                    "precision": {
                        "70": [
                            0.4230769230769231, 
                            0.47619047619047616, 
                            0.8571428571428571
                        ]
                    }
                }, 
                "snips/datetime": {
                    "recall": {
                        "70": [
                            0.25, 
                            0.25, 
                            0.3333333333333333
                        ]
                    }, 
                    "rate": 39, 
                    "precision": {
                        "70": [
                            1.0, 
                            0.75, 
                            1.0
                        ]
                    }
                }
            }, 
            "precision": {
                "70": [
                    1.0, 
                    1.0, 
                    1.0
                ]
            }
        }
    }, 
    "execution_time": {
        "pred": {
            "70": [
                0.030026400089263917, 
                0.030002751350402833, 
                0.030009000301361083
            ]
        }, 
        "fit": {
            "70": [
                3.001260995864868, 
                3.0033509731292725, 
                3.001224994659424
            ]
        }
    }, 
    "validation_path": "../alexa-bench/alexa_bench/resources/predictions_relabeled/", 
    "training_path": "../alexa-bench/alexa_bench/resources/", 
    "training_name": "SearchScreeningEvent", 
    "model_name": "Alexa", 
    "training_sizes": [
        70
    ]
}