{
    "intents": {
        "SearchScreeningEvent": {
            "recall": {
                "10": [
                    0.96, 
                    0.9, 
                    0.9
                ], 
                "20": [
                    1.0, 
                    1.0, 
                    0.99
                ], 
                "50": [
                    1.0, 
                    1.0, 
                    0.99
                ], 
                "70": [
                    1.0, 
                    1.0, 
                    1.0
                ]
            }, 
            "slots": {
                "timeRange": {
                    "recall": {
                        "10": [
                            0.6666666666666666, 
                            0.0, 
                            0.25
                        ], 
                        "20": [
                            0.4166666666666667, 
                            0.16666666666666666, 
                            0.3333333333333333
                        ], 
                        "50": [
                            0.4166666666666667, 
                            0.16666666666666666, 
                            0.3333333333333333
                        ], 
                        "70": [
                            0.5833333333333334, 
                            0.16666666666666666, 
                            0.6666666666666666
                        ]
                    }, 
                    "rate": 13, 
                    "precision": {
                        "10": [
                            0.47058823529411764, 
                            NaN, 
                            0.2727272727272727
                        ], 
                        "20": [
                            0.5555555555555556, 
                            1.0, 
                            0.4
                        ], 
                        "50": [
                            0.8333333333333334, 
                            0.6666666666666666, 
                            0.8
                        ], 
                        "70": [
                            0.7777777777777778, 
                            0.3333333333333333, 
                            0.7272727272727273
                        ]
                    }
                }, 
                "movie_name": {
                    "recall": {
                        "10": [
                            0.42857142857142855, 
                            0.4489795918367347, 
                            0.08163265306122448
                        ], 
                        "20": [
                            0.5510204081632653, 
                            0.4489795918367347, 
                            0.6122448979591837
                        ], 
                        "50": [
                            0.7755102040816326, 
                            0.5510204081632653, 
                            0.5918367346938775
                        ], 
                        "70": [
                            0.7551020408163265, 
                            0.7551020408163265, 
                            0.7142857142857143
                        ]
                    }, 
                    "rate": 49, 
                    "precision": {
                        "10": [
                            0.875, 
                            0.6470588235294118, 
                            0.4
                        ], 
                        "20": [
                            0.9310344827586207, 
                            0.9565217391304348, 
                            0.8571428571428571
                        ], 
                        "50": [
                            0.926829268292683, 
                            0.9310344827586207, 
                            0.9354838709677419
                        ], 
                        "70": [
                            0.925, 
                            0.9024390243902439, 
                            0.875
                        ]
                    }
                }, 
                "object_type": {
                    "recall": {
                        "10": [
                            0.6744186046511628, 
                            0.3953488372093023, 
                            0.6744186046511628
                        ], 
                        "20": [
                            0.8837209302325582, 
                            0.9534883720930233, 
                            0.813953488372093
                        ], 
                        "50": [
                            0.9534883720930233, 
                            0.9069767441860465, 
                            0.9534883720930233
                        ], 
                        "70": [
                            0.9767441860465116, 
                            0.9767441860465116, 
                            0.9302325581395349
                        ]
                    }, 
                    "rate": 39, 
                    "precision": {
                        "10": [
                            0.7073170731707317, 
                            0.7391304347826086, 
                            0.7837837837837838
                        ], 
                        "20": [
                            0.7169811320754716, 
                            0.803921568627451, 
                            0.8974358974358975
                        ], 
                        "50": [
                            0.9761904761904762, 
                            0.9512195121951219, 
                            0.9534883720930233
                        ], 
                        "70": [
                            0.9767441860465116, 
                            0.9767441860465116, 
                            0.975609756097561
                        ]
                    }
                }, 
                "spatial_relation": {
                    "recall": {
                        "10": [
                            0.14285714285714285, 
                            0.45714285714285713, 
                            0.45714285714285713
                        ], 
                        "20": [
                            0.17142857142857143, 
                            0.5428571428571428, 
                            0.6857142857142857
                        ], 
                        "50": [
                            0.8285714285714286, 
                            0.6285714285714286, 
                            0.8
                        ], 
                        "70": [
                            0.8, 
                            0.6857142857142857, 
                            0.7714285714285715
                        ]
                    }, 
                    "rate": 34, 
                    "precision": {
                        "10": [
                            0.7142857142857143, 
                            0.6956521739130435, 
                            0.8
                        ], 
                        "20": [
                            0.6, 
                            0.76, 
                            0.8275862068965517
                        ], 
                        "50": [
                            0.90625, 
                            0.8461538461538461, 
                            0.7777777777777778
                        ], 
                        "70": [
                            0.9032258064516129, 
                            0.7272727272727273, 
                            0.8709677419354839
                        ]
                    }
                }, 
                "movie_type": {
                    "recall": {
                        "10": [
                            0.125, 
                            0.08333333333333333, 
                            0.8333333333333334
                        ],