{
    "intents": {
        "SearchScreeningEvent": {
            "recall": {
                "10": [
                    1.0, 
                    1.0, 
                    1.0
                ], 
                "20": [
                    1.0, 
                    1.0, 
                    1.0
                ], 
                "50": [
                    1.0, 
                    1.0, 
                    1.0
                ], 
                "70": [
                    1.0, 
                    1.0, 
                    1.0
                ]
            }, 
            "slots": {
                "timeRange": {
                    "recall": {
                        "10": [
                            0.8333333333333334, 
                            0.8333333333333334, 
                            0.8333333333333334
                        ], 
                        "20": [
                            0.8333333333333334, 
                            0.8333333333333334, 
                            0.8333333333333334
                        ], 
                        "50": [
                            0.8333333333333334, 
                            0.8333333333333334, 
                            0.8333333333333334
                        ], 
                        "70": [
                            0.8333333333333334, 
                            0.8333333333333334, 
                            0.8333333333333334
                        ]
                    }, 
                    "rate": 13, 
                    "precision": {
                        "10": [
                            1.0, 
                            1.0, 
                            1.0
                        ], 
                        "20": [
                            1.0, 
                            1.0, 
                            1.0
                        ], 
                        "50": [
                            1.0, 
                            1.0, 
                            1.0
                        ], 
                        "70": [
                            1.0, 
                            1.0, 
                            1.0
                        ]
                    }
                }, 
                "movie_name": {
                    "recall": {
                        "10": [
                            0.0, 
                            0.0, 
                            0.0
                        ], 
                        "20": [
                            0.04081632653061224, 
                            0.08163265306122448, 
                            0.08163265306122448
                        ], 
                        "50": [
                            0.2857142857142857, 
                            0.2857142857142857, 
                            0.2857142857142857
                        ], 
                        "70": [
                            0.3877551020408163, 
                            0.3877551020408163, 
                            0.46938775510204084
                        ]
                    }, 
                    "rate": 49, 
                    "precision": {
                        "10": [
                            NaN, 
                            NaN, 
                            NaN
                        ], 
                        "20": [
                            1.0, 
                            1.0, 
                            1.0
                        ], 
                        "50": [
                            1.0, 
                            1.0, 
                            1.0
                        ], 
                        "70": [
                            1.0, 
                            1.0, 
                            0.8846153846153846
                        ]
                    }
                }, 
                "object_type": {
                    "recall": {
                        "10": [
                            0.6511627906976745, 
                            0.18604651162790697, 
                            0.37209302325581395
                        ], 
                        "20": [
                            0.6744186046511628, 
                            0.5348837209302325, 
                            0.5813953488372093
                        ], 
                        "50": [
                            0.8837209302325582, 
                            0.8837209302325582, 
                            0.8837209302325582
                        ], 
                        "70": [
                            0.9302325581395349, 
                            0.9302325581395349, 
                            0.813953488372093
                        ]
                    }, 
                    "rate": 39, 
                    "precision": {
                        "10": [
                            1.0, 
                            1.0, 
                            1.0
                        ], 
                        "20": [
                            1.0, 
                            1.0, 
                            1.0
                        ], 
                        "50": [
                            1.0, 
                            1.0, 
                            1.0
                        ], 
                        "70": [
                            1.0, 
                            1.0, 
                            1.0
                        ]
                    }
                }, 
                "spatial_relation": {
                    "recall": {
                        "10": [
                            0.11428571428571428, 
                            0.0, 
                            0.2571428571428571
                        ], 
                        "20": [
                            0.34285714285714286, 
                            0.2571428571428571, 
                            0.37142857142857144
                        ], 
                        "50": [
                            0.6285714285714286, 
                            0.6285714285714286, 
                            0.6285714285714286
                        ], 
                        "70": [
                            0.8285714285714286, 
                            0.8285714285714286, 
                            0.8285714285714286
                        ]
                    }, 
                    "rate": 34, 
                    "precision": {
                        "10": [
                            1.0, 
                            NaN, 
                            1.0
                        ], 
                        "20": [
                            1.0, 
                            1.0, 
                            1.0
                        ], 
                        "50": [
                            1.0, 
                            1.0, 
                            1.0
                        ], 
                        "70": [
                            1.0, 
                            1.0, 
                            1.0
                        ]
                    }
                }, 
                "movie_type": {
                    "recall": {
                        "10": [
                            0.0, 
                            0.08333333333333333, 
                            0.375
                        ], 
                        "20": [
                            0.125, 
                            0.5416666666666666, 
                            0.5
                        ], 
                        "50": [
                            0.6666666666666666, 
                            0.6666666666666666, 
                            0.6666666666666666
                        ], 
                        "70": [
                            0.75, 
                            0.75, 
                            0.75
                        ]
                    },