{
    "intents": {
        "SearchScreeningEvent": {
            "recall": {
                "10": [
                    1.0, 
                    1.0, 
                    0.91
                ], 
                "20": [
                    0.92, 
                    0.98, 
                    0.92
                ], 
                "50": [
                    0.91, 
                    0.99, 
                    0.98
                ], 
                "70": [
                    0.91, 
                    1.0, 
                    0.98
                ]
            }, 
            "slots": {
                "spatial_relation": {
                    "recall": {
                        "10": [
                            0.3142857142857143, 
                            0.6285714285714286, 
                            0.6285714285714286
                        ], 
                        "20": [
                            0.5428571428571428, 
                            0.6857142857142857, 
                            0.45714285714285713
                        ], 
                        "50": [
                            0.9142857142857143, 
                            0.8571428571428571, 
                            0.9142857142857143
                        ], 
                        "70": [
                            0.8857142857142857, 
                            0.9714285714285714, 
                            0.9714285714285714
                        ]
                    }, 
                    "rate": 34, 
                    "precision": {
                        "10": [
                            1.0, 
                            0.9565217391304348, 
                            0.7096774193548387
                        ], 
                        "20": [
                            0.95, 
                            0.8275862068965517, 
                            0.6956521739130435
                        ], 
                        "50": [
                            1.0, 
                            0.967741935483871, 
                            0.8648648648648649
                        ], 
                        "70": [
                            0.96875, 
                            0.9444444444444444, 
                            0.918918918918919
                        ]
                    }
                }, 
                "movie_name": {
                    "recall": {
                        "10": [
                            0.4897959183673469, 
                            0.6938775510204082, 
                            0.1836734693877551
                        ], 
                        "20": [
                            0.42857142857142855, 
                            0.7551020408163265, 
                            0.4897959183673469
                        ], 
                        "50": [
                            0.5918367346938775, 
                            0.7551020408163265, 
                            0.7142857142857143
                        ], 
                        "70": [
                            0.5306122448979592, 
                            0.7346938775510204, 
                            0.7755102040816326
                        ]
                    }, 
                    "rate": 49, 
                    "precision": {
                        "10": [
                            0.46153846153846156, 
                            0.6538461538461539, 
                            0.375
                        ], 
                        "20": [
                            0.5384615384615384, 
                            0.6981132075471698, 
                            0.5714285714285714
                        ], 
                        "50": [
                            0.6041666666666666, 
                            0.7708333333333334, 
                            0.7777777777777778
                        ], 
                        "70": [
                            0.6666666666666666, 
                            0.6923076923076923, 
                            0.7916666666666666
                        ]
                    }
                }, 
                "object_type": {
                    "recall": {
                        "10": [
                            0.8837209302325582, 
                            0.5348837209302325, 
                            0.813953488372093
                        ], 
                        "20": [
                            0.8837209302325582, 
                            0.7674418604651163, 
                            0.8837209302325582
                        ], 
                        "50": [
                            0.8604651162790697, 
                            0.8837209302325582, 
                            0.8837209302325582
                        ], 
                        "70": [
                            0.9534883720930233, 
                            0.8837209302325582, 
                            0.8604651162790697
                        ]
                    }, 
                    "rate": 39, 
                    "precision": {
                        "10": [
                            0.5352112676056338, 
                            0.8518518518518519, 
                            0.813953488372093
                        ], 
                        "20": [
                            0.6440677966101694, 
                            0.7674418604651163, 
                            0.5671641791044776
                        ], 
                        "50": [
                            0.8043478260869565, 
                            0.76, 
                            0.8837209302325582
                        ], 
                        "70": [
                            0.7592592592592593, 
                            0.9047619047619048, 
                            0.8809523809523809
                        ]
                    }
                }, 
                "movie_type": {
                    "recall": {
                        "10": [
                            0.041666666666666664, 
                            0.125, 
                            0.7083333333333334
                        ], 
                        "20": [
                            0.16666666666666666, 
                            0.625, 
                            0.6666666666666666
                        ], 
                        "50": [
                            0.7083333333333334, 
                            0.5416666666666666, 
                            0.7916666666666666
                        ], 
                        "70": [
                            0.75, 
                            0.7916666666666666, 
                            0.75
                        ]
                    }, 
                    "rate": 28, 
                    "precision": {
                        "10": [
                            0.25, 
                            0.3, 
                            0.3541666666666667
                        ], 
                        "20": [
                            0.4444444444444444, 
                            0.6521739130434783, 
                            0.8421052631578947
                        ], 
                        "50": [
                            0.8947368421052632, 
                            0.9285714285714286, 
                            0.8636363636363636
                        ], 
                        "70": [
                            0.9, 
                            0.9047619047619048, 
                            0.9473684210526315
                        ]
                    }
                },