{
    "intents": {
        "SearchScreeningEvent": {
            "recall": {
                "10": [
                    0.0, 
                    0.0, 
                    0.0
                ], 
                "20": [
                    0.0, 
                    0.0, 
                    0.0
                ], 
                "50": [
                    0.0, 
                    0.0, 
                    0.0
                ], 
                "70": [
                    0.0, 
                    0.0, 
                    0.0
                ]
            }, 
            "slots": {
                "timeRange": {
                    "recall": {
                        "10": [
                            0.8333333333333334, 
                            0.8333333333333334, 
                            0.8333333333333334
                        ], 
                        "20": [
                            0.8333333333333334, 
                            0.8333333333333334, 
                            0.8333333333333334
                        ], 
                        "50": [
                            0.8333333333333334, 
                            0.8333333333333334, 
                            0.8333333333333334
                        ], 
                        "70": [
                            0.8333333333333334, 
                            0.8333333333333334, 
                            0.8333333333333334
                        ]
                    }, 
                    "rate": 13, 
                    "precision": {
                        "10": [
                            0.8333333333333334, 
                            0.8333333333333334, 
                            0.8333333333333334
                        ], 
                        "20": [
                            0.8333333333333334, 
                            0.8333333333333334, 
                            0.8333333333333334
                        ], 
                        "50": [
                            0.8333333333333334, 
                            0.8333333333333334, 
                            0.8333333333333334
                        ], 
                        "70": [
                            0.8333333333333334, 
                            0.9090909090909091, 
                            0.9090909090909091
                        ]
                    }
                }, 
                "movie_name": {
                    "recall": {
                        "10": [
                            0.0, 
                            0.0, 
                            0.0
                        ], 
                        "20": [
                            0.0, 
                            0.0, 
                            0.0
                        ], 
                        "50": [
                            0.12244897959183673, 
                            0.0, 
                            0.0
                        ], 
                        "70": [
                            0.0, 
                            0.22448979591836735, 
                            0.32653061224489793
                        ]
                    }, 
                    "rate": 49, 
                    "precision": {
                        "10": [
                            NaN, 
                            NaN, 
                            NaN
                        ], 
                        "20": [
                            NaN, 
                            NaN, 
                            NaN
                        ], 
                        "50": [
                            1.0, 
                            NaN, 
                            NaN
                        ], 
                        "70": [
                            NaN, 
                            0.9166666666666666, 
                            0.7619047619047619
                        ]
                    }
                }, 
                "object_type": {
                    "recall": {
                        "10": [
                            0.8604651162790697, 
                            0.7906976744186046, 
                            0.4186046511627907
                        ], 
                        "20": [
                            0.6511627906976745, 
                            0.7906976744186046, 
                            0.6511627906976745
                        ], 
                        "50": [
                            1.0, 
                            0.7906976744186046, 
                            0.7906976744186046
                        ], 
                        "70": [
                            1.0, 
                            1.0, 
                            1.0
                        ]
                    }, 
                    "rate": 39, 
                    "precision": {
                        "10": [
                            1.0, 
                            0.7906976744186046, 
                            0.6666666666666666
                        ], 
                        "20": [
                            0.7567567567567568, 
                            0.7906976744186046, 
                            0.7567567567567568
                        ], 
                        "50": [
                            0.9772727272727273, 
                            0.7906976744186046, 
                            0.7906976744186046
                        ], 
                        "70": [
                            1.0, 
                            1.0, 
                            1.0
                        ]
                    }
                }, 
                "spatial_relation": {
                    "recall": {
                        "10": [
                            0.2, 
                            0.37142857142857144, 
                            0.42857142857142855
                        ], 
                        "20": [
                            0.5714285714285714, 
                            0.5428571428571428, 
                            0.6285714285714286
                        ], 
                        "50": [
                            0.7714285714285715, 
                            0.6857142857142857, 
                            0.7142857142857143
                        ], 
                        "70": [
                            0.7714285714285715, 
                            0.8857142857142857, 
                            0.8285714285714286
                        ]
                    }, 
                    "rate": 34, 
                    "precision": {
                        "10": [
                            1.0, 
                            1.0, 
                            1.0
                        ], 
                        "20": [
                            1.0, 
                            0.76, 
                            1.0
                        ], 
                        "50": [
                            0.8181818181818182, 
                            0.8, 
                            1.0
                        ], 
                        "70": [
                            0.8181818181818182, 
                            0.8857142857142857, 
                            0.8285714285714286
                        ]
                    }
                }, 
                "movie_type": {
                    "recall": {
                        "10": [
                            0.375, 
                            0.625, 
                            1.0
                        ], 
                        "20": [
                            0.375, 
                            1.0, 
                            1.0
                        ], 
                        "50": [
                            1.0, 
                            1.0, 
                            1.0
                        ],