{
    "intents": {
        "PlayMusic": {
            "recall": {
                "70": [
                    1.0, 
                    0.95, 
                    0.95
                ]
            }, 
            "slots": {
                "sort": {
                    "recall": {
                        "70": [
                            0.47058823529411764, 
                            0.5294117647058824, 
                            0.35294117647058826
                        ]
                    }, 
                    "rate": 50, 
                    "precision": {
                        "70": [
                            1.0, 
                            1.0, 
                            1.0
                        ]
                    }
                }, 
                "album": {
                    "recall": {
                        "70": [
                            0.07692307692307693, 
                            0.15384615384615385, 
                            0.0
                        ]
                    }, 
                    "rate": 28, 
                    "precision": {
                        "70": [
                            0.16666666666666666, 
                            0.07407407407407407, 
                            0.0
                        ]
                    }
                }, 
                "playlist": {
                    "recall": {
                        "70": [
                            0.2222222222222222, 
                            0.2222222222222222, 
                            0.0
                        ]
                    }, 
                    "rate": 18, 
                    "precision": {
                        "70": [
                            0.6666666666666666, 
                            0.4, 
                            0.0
                        ]
                    }
                }, 
                "service": {
                    "recall": {
                        "70": [
                            0.8205128205128205, 
                            0.8717948717948718, 
                            0.6410256410256411
                        ]
                    }, 
                    "rate": 102, 
                    "precision": {
                        "70": [
                            0.9696969696969697, 
                            0.918918918918919, 
                            0.9259259259259259
                        ]
                    }
                }, 
                "artist": {
                    "recall": {
                        "70": [
                            0.5396825396825397, 
                            0.49206349206349204, 
                            0.49206349206349204
                        ]
                    }, 
                    "rate": 187, 
                    "precision": {
                        "70": [
                            0.5, 
                            0.5740740740740741, 
                            0.5
                        ]
                    }
                }, 
                "track": {
                    "recall": {
                        "70": [
                            0.8333333333333334, 
                            0.3333333333333333, 
                            0.6666666666666666
                        ]
                    }, 
                    "rate": 32, 
                    "precision": {
                        "70": [
                            0.22727272727272727, 
                            0.2222222222222222, 
                            0.4
                        ]
                    }
                }, 
                "music_item": {
                    "recall": {
                        "70": [
                            0.3870967741935484, 
                            0.3225806451612903, 
                            0.3225806451612903
                        ]
                    }, 
                    "rate": 104, 
                    "precision": {
                        "70": [
                            0.8571428571428571, 
                            0.7142857142857143, 
                            1.0
                        ]
                    }
                }, 
                "year": {
                    "recall": {
                        "70": [
                            0.4, 
                            0.24, 
                            0.32
                        ]
                    }, 
                    "rate": 88, 
                    "precision": {
                        "70": [
                            0.9090909090909091, 
                            0.8571428571428571, 
                            0.8888888888888888
                        ]
                    }
                }, 
                "genre": {
                    "recall": {
                        "70": [
                            0.3333333333333333, 
                            0.3333333333333333, 
                            0.0
                        ]
                    }, 
                    "rate": 23, 
                    "precision": {
                        "70": [
                            1.0, 
                            0.5, 
                            0.0
                        ]
                    }
                }
            }, 
            "precision": {
                "70": [
                    1.0, 
                    1.0, 
                    1.0
                ]
            }
        }
    }, 
    "execution_time": {
        "pred": {
            "70": [
                0.03000410079956055, 
                0.030048160552978515, 
                0.03004631996154785
            ]
        }, 
        "fit": {
            "70": [
                3.003314971923828, 
                3.000293016433716, 
                3.001254081726074
            ]
        }
    }, 
    "validation_path": "../alexa-bench/alexa_bench/resources/predictions_relabeled/", 
    "training_path": "../alexa-bench/alexa_bench/resources/", 
    "training_name": "PlayMusic", 
    "model_name": "Alexa", 
    "training_sizes": [
        70
    ]
}