{
    "intents": {
        "PlayMusic": {
            "recall": {
                "10": [
                    0.91, 
                    0.98, 
                    0.95
                ], 
                "20": [
                    0.97, 
                    1.0, 
                    0.99
                ], 
                "50": [
                    1.0, 
                    0.0, 
                    0.99
                ], 
                "70": [
                    0.0, 
                    0.99, 
                    0.99
                ]
            }, 
            "slots": {
                "sort": {
                    "recall": {
                        "10": [
                            0.0, 
                            0.0, 
                            0.5882352941176471
                        ], 
                        "20": [
                            0.058823529411764705, 
                            0.11764705882352941, 
                            0.5294117647058824
                        ], 
                        "50": [
                            0.29411764705882354, 
                            0.0, 
                            0.4117647058823529
                        ], 
                        "70": [
                            0.0, 
                            0.7647058823529411, 
                            0.5882352941176471
                        ]
                    }, 
                    "rate": 16, 
                    "precision": {
                        "10": [
                            NaN, 
                            NaN, 
                            0.5555555555555556
                        ], 
                        "20": [
                            1.0, 
                            0.6666666666666666, 
                            0.375
                        ], 
                        "50": [
                            0.8333333333333334, 
                            NaN, 
                            0.3333333333333333
                        ], 
                        "70": [
                            NaN, 
                            0.43333333333333335, 
                            0.3225806451612903
                        ]
                    }
                }, 
                "album": {
                    "recall": {
                        "10": [
                            0.0, 
                            0.3076923076923077, 
                            0.38461538461538464
                        ], 
                        "20": [
                            0.0, 
                            0.6153846153846154, 
                            0.38461538461538464
                        ], 
                        "50": [
                            0.0, 
                            0.0, 
                            0.0
                        ], 
                        "70": [
                            0.0, 
                            0.0, 
                            0.07692307692307693
                        ]
                    }, 
                    "rate": 9, 
                    "precision": {
                        "10": [
                            NaN, 
                            0.16666666666666666, 
                            0.25
                        ], 
                        "20": [
                            NaN, 
                            0.2857142857142857, 
                            0.25
                        ], 
                        "50": [
                            NaN, 
                            NaN, 
                            0.0
                        ], 
                        "70": [
                            NaN, 
                            0.0, 
                            0.2
                        ]
                    }
                }, 
                "playlist": {
                    "recall": {
                        "10": [
                            0.0, 
                            0.0, 
                            0.3333333333333333
                        ], 
                        "20": [
                            0.0, 
                            0.0, 
                            0.1111111111111111
                        ], 
                        "50": [
                            0.0, 
                            0.0, 
                            0.2222222222222222
                        ], 
                        "70": [
                            0.0, 
                            0.0, 
                            0.0
                        ]
                    }, 
                    "rate": 6, 
                    "precision": {
                        "10": [
                            0.0, 
                            NaN, 
                            1.0
                        ], 
                        "20": [
                            NaN, 
                            NaN, 
                            1.0
                        ], 
                        "50": [
                            NaN, 
                            NaN, 
                            0.4
                        ], 
                        "70": [
                            NaN, 
                            0.0, 
                            NaN
                        ]
                    }
                }, 
                "service": {
                    "recall": {
                        "10": [
                            0.10256410256410256, 
                            0.2564102564102564, 
                            0.38461538461538464
                        ], 
                        "20": [
                            0.3333333333333333, 
                            0.6153846153846154, 
                            0.41025641025641024
                        ], 
                        "50": [
                            0.4358974358974359, 
                            0.0, 
                            0.5641025641025641
                        ], 
                        "70": [
                            0.0, 
                            0.8461538461538461, 
                            0.6153846153846154
                        ]
                    }, 
                    "rate": 34, 
                    "precision": {
                        "10": [
                            0.5714285714285714, 
                            0.6666666666666666, 
                            0.8823529411764706
                        ], 
                        "20": [
                            0.7222222222222222, 
                            0.8, 
                            0.8
                        ], 
                        "50": [
                            0.8947368421052632, 
                            NaN, 
                            0.9565217391304348
                        ], 
                        "70": [
                            NaN, 
                            0.868421052631579, 
                            1.0
                        ]
                    }
                }, 
                "artist": {
                    "recall": {
                        "10": [
                            0.49206349206349204, 
                            0.6031746031746031, 
                            0.6984126984126984
                        ], 
                        "20": [
                            0.6349206349206349, 
                            0.746031746031746, 
                            0.7619047619047619
                        ], 
                        "50": [
                            0.9047619047619048, 
                            0.0, 
                            0.9047619047619048
                        ], 
                        "70": [
                            0.0, 
                            0.8571428571428571, 
                            0.9047619047619048
                        ]
                    },