{
    "intents": {
        "PlayMusic": {
            "recall": {
                "10": [
                    0.94, 
                    0.98, 
                    0.97
                ], 
                "20": [
                    0.9, 
                    0.95, 
                    0.95
                ], 
                "50": [
                    0.95, 
                    0.96, 
                    0.98
                ], 
                "70": [
                    0.96, 
                    0.97, 
                    0.97
                ]
            }, 
            "slots": {
                "sort": {
                    "recall": {
                        "10": [
                            0.0, 
                            0.0, 
                            0.11764705882352941
                        ], 
                        "20": [
                            0.29411764705882354, 
                            0.17647058823529413, 
                            0.29411764705882354
                        ], 
                        "50": [
                            0.4117647058823529, 
                            0.5294117647058824, 
                            0.35294117647058826
                        ], 
                        "70": [
                            0.5294117647058824, 
                            0.5294117647058824, 
                            0.5294117647058824
                        ]
                    }, 
                    "rate": 16, 
                    "precision": {
                        "10": [
                            NaN, 
                            NaN, 
                            0.3333333333333333
                        ], 
                        "20": [
                            0.7142857142857143, 
                            0.75, 
                            0.38461538461538464
                        ], 
                        "50": [
                            0.7777777777777778, 
                            0.6, 
                            0.5454545454545454
                        ], 
                        "70": [
                            0.75, 
                            0.8181818181818182, 
                            0.6
                        ]
                    }
                }, 
                "album": {
                    "recall": {
                        "10": [
                            0.0, 
                            0.07692307692307693, 
                            0.0
                        ], 
                        "20": [
                            0.0, 
                            0.5384615384615384, 
                            0.3076923076923077
                        ], 
                        "50": [
                            0.0, 
                            0.38461538461538464, 
                            0.07692307692307693
                        ], 
                        "70": [
                            0.07692307692307693, 
                            0.23076923076923078, 
                            0.3076923076923077
                        ]
                    }, 
                    "rate": 9, 
                    "precision": {
                        "10": [
                            NaN, 
                            0.06666666666666667, 
                            NaN
                        ], 
                        "20": [
                            NaN, 
                            0.4117647058823529, 
                            0.4444444444444444
                        ], 
                        "50": [
                            0.0, 
                            0.2777777777777778, 
                            0.25
                        ], 
                        "70": [
                            0.5, 
                            0.25, 
                            0.3076923076923077
                        ]
                    }
                }, 
                "playlist": {
                    "recall": {
                        "10": [
                            0.0, 
                            0.0, 
                            0.2222222222222222
                        ], 
                        "20": [
                            0.0, 
                            0.0, 
                            0.2222222222222222
                        ], 
                        "50": [
                            0.2222222222222222, 
                            0.0, 
                            0.2222222222222222
                        ], 
                        "70": [
                            0.0, 
                            0.0, 
                            0.0
                        ]
                    }, 
                    "rate": 6, 
                    "precision": {
                        "10": [
                            0.0, 
                            NaN, 
                            0.5
                        ], 
                        "20": [
                            0.0, 
                            NaN, 
                            1.0
                        ], 
                        "50": [
                            1.0, 
                            NaN, 
                            0.5
                        ], 
                        "70": [
                            0.0, 
                            0.0, 
                            0.0
                        ]
                    }
                }, 
                "service": {
                    "recall": {
                        "10": [
                            0.5641025641025641, 
                            0.717948717948718, 
                            0.5128205128205128
                        ], 
                        "20": [
                            0.5128205128205128, 
                            0.8205128205128205, 
                            0.48717948717948717
                        ], 
                        "50": [
                            0.717948717948718, 
                            0.9230769230769231, 
                            0.7435897435897436
                        ], 
                        "70": [
                            0.8717948717948718, 
                            0.9487179487179487, 
                            0.7435897435897436
                        ]
                    }, 
                    "rate": 34, 
                    "precision": {
                        "10": [
                            0.5365853658536586, 
                            0.5384615384615384, 
                            0.8
                        ], 
                        "20": [
                            0.5128205128205128, 
                            0.5333333333333333, 
                            0.8260869565217391
                        ], 
                        "50": [
                            0.8235294117647058, 
                            0.6666666666666666, 
                            0.8055555555555556
                        ], 
                        "70": [
                            0.8717948717948718, 
                            0.74, 
                            0.8055555555555556
                        ]
                    }
                }, 
                "artist": {
                    "recall": {
                        "10": [
                            0.6507936507936508, 
                            0.6349206349206349, 
                            0.746031746031746
                        ], 
                        "20": [
                            0.6825396825396826, 
                            0.7142857142857143, 
                            0.7619047619047619
                        ], 
                        "50": [
                            0.6984126984126984, 
                            0.6666666666666666, 
                            0.7301587301587301
                        ],