{
    "intents": {
        "GetWeather": {
            "recall": {
                "70": [
                    0.77, 
                    0.77, 
                    0.84
                ]
            }, 
            "slots": {
                "city": {
                    "recall": {
                        "70": [
                            0.4473684210526316, 
                            0.47368421052631576, 
                            0.5
                        ]
                    }, 
                    "rate": 129, 
                    "precision": {
                        "70": [
                            0.6296296296296297, 
                            0.5454545454545454, 
                            0.5588235294117647
                        ]
                    }
                }, 
                "spatial_relation": {
                    "recall": {
                        "70": [
                            0.0, 
                            0.0, 
                            0.14285714285714285
                        ]
                    }, 
                    "rate": 30, 
                    "precision": {
                        "70": [
                            NaN, 
                            NaN, 
                            0.5
                        ]
                    }
                }, 
                "condition_description": {
                    "recall": {
                        "70": [
                            0.2727272727272727, 
                            0.45454545454545453, 
                            0.5454545454545454
                        ]
                    }, 
                    "rate": 63, 
                    "precision": {
                        "70": [
                            1.0, 
                            1.0, 
                            0.8571428571428571
                        ]
                    }
                }, 
                "condition_temperature": {
                    "recall": {
                        "70": [
                            0.8095238095238095, 
                            0.6666666666666666, 
                            0.6190476190476191
                        ]
                    }, 
                    "rate": 86, 
                    "precision": {
                        "70": [
                            0.9444444444444444, 
                            0.875, 
                            1.0
                        ]
                    }
                }, 
                "state": {
                    "recall": {
                        "70": [
                            0.6153846153846154, 
                            0.6538461538461539, 
                            0.6538461538461539
                        ]
                    }, 
                    "rate": 80, 
                    "precision": {
                        "70": [
                            0.6956521739130435, 
                            0.68, 
                            0.5666666666666667
                        ]
                    }
                }, 
                "current_location": {
                    "recall": {
                        "70": [
                            0.7647058823529411, 
                            0.8235294117647058, 
                            0.7058823529411765
                        ]
                    }, 
                    "rate": 38, 
                    "precision": {
                        "70": [
                            1.0, 
                            1.0, 
                            0.9230769230769231
                        ]
                    }
                }, 
                "country": {
                    "recall": {
                        "70": [
                            0.25, 
                            0.25, 
                            0.25
                        ]
                    }, 
                    "rate": 73, 
                    "precision": {
                        "70": [
                            0.42857142857142855, 
                            0.5, 
                            0.4
                        ]
                    }
                }, 
                "geographic_poi": {
                    "recall": {
                        "70": [
                            0.3125, 
                            0.25, 
                            0.5
                        ]
                    }, 
                    "rate": 38, 
                    "precision": {
                        "70": [
                            0.7142857142857143, 
                            1.0, 
                            0.8888888888888888
                        ]
                    }
                }, 
                "snips/datetime": {
                    "recall": {
                        "70": [
                            0.515625, 
                            0.53125, 
                            0.6875
                        ]
                    }, 
                    "rate": 144, 
                    "precision": {
                        "70": [
                            0.9428571428571428, 
                            0.9714285714285714, 
                            1.0
                        ]
                    }
                }
            }, 
            "precision": {
                "70": [
                    1.0, 
                    1.0, 
                    1.0
                ]
            }
        }
    }, 
    "execution_time": {
        "pred": {
            "70": [
                0.030041329860687256, 
                0.030047550201416015, 
                0.030009379386901857
            ]
        }, 
        "fit": {
            "70": [
                3.0021090507507324, 
                3.0019030570983887, 
                3.0013070106506348
            ]
        }
    }, 
    "validation_path": "../alexa-bench/alexa_bench/resources/predictions_relabeled/", 
    "training_path": "../alexa-bench/alexa_bench/resources/", 
    "training_name": "GetWeather", 
    "model_name": "Alexa", 
    "training_sizes": [
        70
    ]
}