{
    "intents": {
        "GetWeather": {
            "recall": {
                "10": [
                    0.95, 
                    0.97, 
                    0.98
                ], 
                "20": [
                    0.96, 
                    0.99, 
                    0.99
                ], 
                "50": [
                    0.94, 
                    0.94, 
                    0.95
                ], 
                "70": [
                    0.93, 
                    0.94, 
                    0.97
                ]
            }, 
            "slots": {
                "city": {
                    "recall": {
                        "10": [
                            0.5789473684210527, 
                            0.6578947368421053, 
                            0.21052631578947367
                        ], 
                        "20": [
                            0.7894736842105263, 
                            0.7894736842105263, 
                            0.631578947368421
                        ], 
                        "50": [
                            0.9210526315789473, 
                            0.868421052631579, 
                            0.8947368421052632
                        ], 
                        "70": [
                            0.9210526315789473, 
                            0.9473684210526315, 
                            0.9210526315789473
                        ]
                    }, 
                    "rate": 43, 
                    "precision": {
                        "10": [
                            0.3492063492063492, 
                            0.3472222222222222, 
                            0.5
                        ], 
                        "20": [
                            0.6521739130434783, 
                            0.5555555555555556, 
                            0.6857142857142857
                        ], 
                        "50": [
                            0.8536585365853658, 
                            0.6346153846153846, 
                            0.8292682926829268
                        ], 
                        "70": [
                            0.8536585365853658, 
                            0.8181818181818182, 
                            0.7777777777777778
                        ]
                    }
                }, 
                "spatial_relation": {
                    "recall": {
                        "10": [
                            0.0, 
                            0.0, 
                            0.0
                        ], 
                        "20": [
                            0.14285714285714285, 
                            0.0, 
                            0.0
                        ], 
                        "50": [
                            0.07142857142857142, 
                            0.07142857142857142, 
                            0.2857142857142857
                        ], 
                        "70": [
                            0.14285714285714285, 
                            0.0, 
                            0.5
                        ]
                    }, 
                    "rate": 10, 
                    "precision": {
                        "10": [
                            NaN, 
                            NaN, 
                            NaN
                        ], 
                        "20": [
                            0.6666666666666666, 
                            NaN, 
                            0.0
                        ], 
                        "50": [
                            0.3333333333333333, 
                            0.3333333333333333, 
                            1.0
                        ], 
                        "70": [
                            0.4, 
                            NaN, 
                            0.6363636363636364
                        ]
                    }
                }, 
                "condition_description": {
                    "recall": {
                        "10": [
                            0.045454545454545456, 
                            0.22727272727272727, 
                            0.045454545454545456
                        ], 
                        "20": [
                            0.3181818181818182, 
                            0.22727272727272727, 
                            0.09090909090909091
                        ], 
                        "50": [
                            0.3181818181818182, 
                            0.3181818181818182, 
                            0.36363636363636365
                        ], 
                        "70": [
                            0.5454545454545454, 
                            0.5454545454545454, 
                            0.6363636363636364
                        ]
                    }, 
                    "rate": 21, 
                    "precision": {
                        "10": [
                            0.5, 
                            0.45454545454545453, 
                            0.16666666666666666
                        ], 
                        "20": [
                            0.7, 
                            0.23809523809523808, 
                            0.2222222222222222
                        ], 
                        "50": [
                            0.7, 
                            0.4117647058823529, 
                            0.47058823529411764
                        ], 
                        "70": [
                            0.8571428571428571, 
                            0.6, 
                            0.6363636363636364
                        ]
                    }
                }, 
                "condition_temperature": {
                    "recall": {
                        "10": [
                            0.6190476190476191, 
                            0.7619047619047619, 
                            0.5238095238095238
                        ], 
                        "20": [
                            0.42857142857142855, 
                            0.7619047619047619, 
                            0.5714285714285714
                        ], 
                        "50": [
                            0.8571428571428571, 
                            0.8571428571428571, 
                            0.7619047619047619
                        ], 
                        "70": [
                            0.9047619047619048, 
                            0.7619047619047619, 
                            0.8095238095238095
                        ]
                    }, 
                    "rate": 28, 
                    "precision": {
                        "10": [
                            0.7222222222222222, 
                            0.5714285714285714, 
                            0.5789473684210527
                        ], 
                        "20": [
                            0.8181818181818182, 
                            0.5925925925925926, 
                            0.42857142857142855
                        ], 
                        "50": [
                            0.8181818181818182, 
                            0.9, 
                            0.8
                        ], 
                        "70": [
                            0.8636363636363636, 
                            0.8421052631578947, 
                            0.85
                        ]
                    }
                }, 
                "state": {
                    "recall": {
                        "10": [
                            0.7307692307692307, 
                            0.4230769230769231, 
                            0.07692307692307693
                        ],