{
    "intents": {
        "GetWeather": {
            "recall": {
                "10": [
                    0.0, 
                    0.0, 
                    0.0
                ], 
                "20": [
                    0.0, 
                    0.0, 
                    0.0
                ], 
                "50": [
                    0.0, 
                    0.0, 
                    0.0
                ], 
                "70": [
                    0.0, 
                    0.0, 
                    0.0
                ]
            }, 
            "slots": {
                "city": {
                    "recall": {
                        "10": [
                            0.02631578947368421, 
                            0.0, 
                            0.0
                        ], 
                        "20": [
                            0.02631578947368421, 
                            0.02631578947368421, 
                            0.0
                        ], 
                        "50": [
                            0.05263157894736842, 
                            0.02631578947368421, 
                            0.0
                        ], 
                        "70": [
                            0.21052631578947367, 
                            0.21052631578947367, 
                            0.13157894736842105
                        ]
                    }, 
                    "rate": 43, 
                    "precision": {
                        "10": [
                            1.0, 
                            NaN, 
                            NaN
                        ], 
                        "20": [
                            1.0, 
                            1.0, 
                            NaN
                        ], 
                        "50": [
                            1.0, 
                            1.0, 
                            NaN
                        ], 
                        "70": [
                            0.6153846153846154, 
                            0.5, 
                            0.5
                        ]
                    }
                }, 
                "spatial_relation": {
                    "recall": {
                        "10": [
                            0.0, 
                            0.0, 
                            0.0
                        ], 
                        "20": [
                            0.07142857142857142, 
                            0.0, 
                            0.14285714285714285
                        ], 
                        "50": [
                            0.07142857142857142, 
                            0.14285714285714285, 
                            0.07142857142857142
                        ], 
                        "70": [
                            0.07142857142857142, 
                            0.14285714285714285, 
                            0.42857142857142855
                        ]
                    }, 
                    "rate": 10, 
                    "precision": {
                        "10": [
                            NaN, 
                            NaN, 
                            NaN
                        ], 
                        "20": [
                            1.0, 
                            NaN, 
                            1.0
                        ], 
                        "50": [
                            1.0, 
                            1.0, 
                            1.0
                        ], 
                        "70": [
                            1.0, 
                            1.0, 
                            0.8571428571428571
                        ]
                    }
                }, 
                "condition_description": {
                    "recall": {
                        "10": [
                            0.0, 
                            0.13636363636363635, 
                            0.13636363636363635
                        ], 
                        "20": [
                            0.09090909090909091, 
                            0.22727272727272727, 
                            0.13636363636363635
                        ], 
                        "50": [
                            0.2727272727272727, 
                            0.2727272727272727, 
                            0.3181818181818182
                        ], 
                        "70": [
                            0.4090909090909091, 
                            0.45454545454545453, 
                            0.5909090909090909
                        ]
                    }, 
                    "rate": 21, 
                    "precision": {
                        "10": [
                            NaN, 
                            1.0, 
                            1.0
                        ], 
                        "20": [
                            1.0, 
                            0.7142857142857143, 
                            1.0
                        ], 
                        "50": [
                            0.8571428571428571, 
                            0.8571428571428571, 
                            1.0
                        ], 
                        "70": [
                            0.9, 
                            0.7692307692307693, 
                            1.0
                        ]
                    }
                }, 
                "condition_temperature": {
                    "recall": {
                        "10": [
                            0.3333333333333333, 
                            0.42857142857142855, 
                            0.19047619047619047
                        ], 
                        "20": [
                            0.3333333333333333, 
                            0.47619047619047616, 
                            0.5714285714285714
                        ], 
                        "50": [
                            0.8095238095238095, 
                            0.5714285714285714, 
                            0.6190476190476191
                        ], 
                        "70": [
                            1.0, 
                            0.8095238095238095, 
                            0.6666666666666666
                        ]
                    }, 
                    "rate": 28, 
                    "precision": {
                        "10": [
                            1.0, 
                            1.0, 
                            1.0
                        ], 
                        "20": [
                            1.0, 
                            1.0, 
                            0.9230769230769231
                        ], 
                        "50": [
                            1.0, 
                            1.0, 
                            1.0
                        ], 
                        "70": [
                            1.0, 
                            1.0, 
                            1.0
                        ]
                    }
                }, 
                "timeRange": {
                    "recall": {
                        "10": [
                            0.90625, 
                            0.90625, 
                            0.90625
                        ], 
                        "20": [
                            0.90625, 
                            0.90625, 
                            0.90625
                        ], 
                        "50": [
                            0.90625, 
                            0.90625, 
                            0.90625
                        ], 
                        "70": [
                            0.90625, 
                            0.90625, 
                            0.890625
                        ]
                    },