{
    "intents": {
        "AddToPlaylist": {
            "recall": {
                "70": [
                    0.99, 
                    0.99, 
                    1.0
                ]
            }, 
            "slots": {
                "playlist": {
                    "recall": {
                        "70": [
                            0.86, 
                            0.85, 
                            0.8
                        ]
                    }, 
                    "rate": 300, 
                    "precision": {
                        "70": [
                            0.8775510204081632, 
                            0.8673469387755102, 
                            0.8
                        ]
                    }
                }, 
                "music_item": {
                    "recall": {
                        "70": [
                            0.5272727272727272, 
                            0.4727272727272727, 
                            0.6
                        ]
                    }, 
                    "rate": 139, 
                    "precision": {
                        "70": [
                            0.9666666666666667, 
                            1.0, 
                            0.9705882352941176
                        ]
                    }
                }, 
                "playlist_owner": {
                    "recall": {
                        "70": [
                            0.9074074074074074, 
                            0.9074074074074074, 
                            0.9444444444444444
                        ]
                    }, 
                    "rate": 194, 
                    "precision": {
                        "70": [
                            1.0, 
                            1.0, 
                            1.0
                        ]
                    }
                }, 
                "entity_name": {
                    "recall": {
                        "70": [
                            0.6111111111111112, 
                            0.5555555555555556, 
                            0.7222222222222222
                        ]
                    }, 
                    "rate": 89, 
                    "precision": {
                        "70": [
                            0.28205128205128205, 
                            0.35714285714285715, 
                            0.38235294117647056
                        ]
                    }
                }, 
                "artist": {
                    "recall": {
                        "70": [
                            0.32608695652173914, 
                            0.45652173913043476, 
                            0.41304347826086957
                        ]
                    }, 
                    "rate": 113, 
                    "precision": {
                        "70": [
                            0.36585365853658536, 
                            0.38181818181818183, 
                            0.5135135135135135
                        ]
                    }
                }
            }, 
            "precision": {
                "70": [
                    1.0, 
                    1.0, 
                    1.0
                ]
            }
        }
    }, 
    "execution_time": {
        "pred": {
            "70": [
                0.030013699531555176, 
                0.030045461654663087, 
                0.030027780532836914
            ]
        }, 
        "fit": {
            "70": [
                3.000154972076416, 
                3.0000460147857666, 
                3.0026140213012695
            ]
        }
    }, 
    "validation_path": "../alexa-bench/alexa_bench/resources/predictions_relabeled/", 
    "training_path": "../alexa-bench/alexa_bench/resources/", 
    "training_name": "AddToPlaylist", 
    "model_name": "Alexa", 
    "training_sizes": [
        70
    ]
}