{
    "intents": {
        "AddToPlaylist": {
            "recall": {
                "10": [
                    1.0, 
                    1.0, 
                    0.98
                ], 
                "20": [
                    1.0, 
                    1.0, 
                    1.0
                ], 
                "50": [
                    1.0, 
                    1.0, 
                    1.0
                ], 
                "70": [
                    1.0, 
                    1.0, 
                    1.0
                ]
            }, 
            "slots": {
                "playlist": {
                    "recall": {
                        "10": [
                            0.85, 
                            0.6, 
                            0.8
                        ], 
                        "20": [
                            0.66, 
                            0.9, 
                            0.87
                        ], 
                        "50": [
                            0.74, 
                            0.95, 
                            0.83
                        ], 
                        "70": [
                            0.76, 
                            0.94, 
                            0.79
                        ]
                    }, 
                    "rate": 100, 
                    "precision": {
                        "10": [
                            1.0, 
                            1.0, 
                            1.0
                        ], 
                        "20": [
                            1.0, 
                            1.0, 
                            1.0
                        ], 
                        "50": [
                            1.0, 
                            1.0, 
                            1.0
                        ], 
                        "70": [
                            1.0, 
                            1.0, 
                            1.0
                        ]
                    }
                }, 
                "music_item": {
                    "recall": {
                        "10": [
                            0.45454545454545453, 
                            0.8545454545454545, 
                            0.4727272727272727
                        ], 
                        "20": [
                            0.7818181818181819, 
                            0.8181818181818182, 
                            0.8545454545454545
                        ], 
                        "50": [
                            0.8, 
                            0.8727272727272727, 
                            0.8181818181818182
                        ], 
                        "70": [
                            0.7090909090909091, 
                            0.7090909090909091, 
                            0.8909090909090909
                        ]
                    }, 
                    "rate": 46, 
                    "precision": {
                        "10": [
                            0.8333333333333334, 
                            0.8703703703703703, 
                            0.8387096774193549
                        ], 
                        "20": [
                            0.8958333333333334, 
                            0.8653846153846154, 
                            0.8867924528301887
                        ], 
                        "50": [
                            0.9565217391304348, 
                            0.8888888888888888, 
                            0.9
                        ], 
                        "70": [
                            0.9069767441860465, 
                            0.8666666666666667, 
                            0.875
                        ]
                    }
                }, 
                "playlist_owner": {
                    "recall": {
                        "10": [
                            0.42592592592592593, 
                            0.7592592592592593, 
                            0.5925925925925926
                        ], 
                        "20": [
                            0.7037037037037037, 
                            0.9259259259259259, 
                            0.7222222222222222
                        ], 
                        "50": [
                            0.8333333333333334, 
                            0.9074074074074074, 
                            0.8148148148148148
                        ], 
                        "70": [
                            0.8333333333333334, 
                            0.9629629629629629, 
                            0.7777777777777778
                        ]
                    }, 
                    "rate": 64, 
                    "precision": {
                        "10": [
                            0.7666666666666667, 
                            0.6507936507936508, 
                            0.8648648648648649
                        ], 
                        "20": [
                            0.7037037037037037, 
                            0.8771929824561403, 
                            0.8478260869565217
                        ], 
                        "50": [
                            0.7894736842105263, 
                            1.0, 
                            0.9166666666666666
                        ], 
                        "70": [
                            0.7894736842105263, 
                            1.0, 
                            0.8571428571428571
                        ]
                    }
                }, 
                "entity_name": {
                    "recall": {
                        "10": [
                            0.8333333333333334, 
                            0.6111111111111112, 
                            0.8333333333333334
                        ], 
                        "20": [
                            0.6666666666666666, 
                            0.4444444444444444, 
                            0.5
                        ], 
                        "50": [
                            0.6111111111111112, 
                            0.4444444444444444, 
                            0.5555555555555556
                        ], 
                        "70": [
                            0.2777777777777778, 
                            0.3888888888888889, 
                            0.4444444444444444
                        ]
                    }, 
                    "rate": 29, 
                    "precision": {
                        "10": [
                            0.4411764705882353, 
                            0.4230769230769231, 
                            0.45454545454545453
                        ], 
                        "20": [
                            0.46153846153846156, 
                            0.4, 
                            0.75
                        ], 
                        "50": [
                            0.6111111111111112, 
                            0.8, 
                            0.47619047619047616
                        ], 
                        "70": [
                            0.3125, 
                            0.3684210526315789, 
                            0.6666666666666666
                        ]
                    }
                }, 
                "artist": {
                    "recall": {
                        "10": [
                            0.5217391304347826, 
                            0.5652173913043478, 
                            0.6956521739130435
                        ], 
                        "20": [
                            0.717391304347826, 
                            0.717391304347826, 
                            0.8478260869565217
                        ],