{
    "intents": {
        "AddToPlaylist": {
            "recall": {
                "10": [
                    0.0, 
                    0.0, 
                    0.0
                ], 
                "20": [
                    0.0, 
                    0.0, 
                    0.0
                ], 
                "50": [
                    0.0, 
                    0.0, 
                    0.0
                ], 
                "70": [
                    0.0, 
                    0.0, 
                    0.0
                ]
            }, 
            "slots": {
                "playlist": {
                    "recall": {
                        "10": [
                            0.02, 
                            0.01, 
                            0.01
                        ], 
                        "20": [
                            0.02, 
                            0.01, 
                            0.01
                        ], 
                        "50": [
                            0.55, 
                            0.03, 
                            0.07
                        ], 
                        "70": [
                            0.64, 
                            0.03, 
                            0.55
                        ]
                    }, 
                    "rate": 100, 
                    "precision": {
                        "10": [
                            0.5, 
                            1.0, 
                            1.0
                        ], 
                        "20": [
                            0.2857142857142857, 
                            0.3333333333333333, 
                            0.3333333333333333
                        ], 
                        "50": [
                            0.9322033898305084, 
                            0.3, 
                            0.5833333333333334
                        ], 
                        "70": [
                            0.9696969696969697, 
                            0.3, 
                            0.859375
                        ]
                    }
                }, 
                "music_item": {
                    "recall": {
                        "10": [
                            0.7818181818181819, 
                            0.7818181818181819, 
                            0.7818181818181819
                        ], 
                        "20": [
                            0.7818181818181819, 
                            1.0, 
                            0.7818181818181819
                        ], 
                        "50": [
                            0.8727272727272727, 
                            1.0, 
                            1.0
                        ], 
                        "70": [
                            0.8727272727272727, 
                            1.0, 
                            0.9090909090909091
                        ]
                    }, 
                    "rate": 46, 
                    "precision": {
                        "10": [
                            0.8775510204081632, 
                            0.8775510204081632, 
                            0.8775510204081632
                        ], 
                        "20": [
                            0.8775510204081632, 
                            0.9016393442622951, 
                            0.8958333333333334
                        ], 
                        "50": [
                            0.8888888888888888, 
                            0.9016393442622951, 
                            0.9166666666666666
                        ], 
                        "70": [
                            0.8888888888888888, 
                            0.9016393442622951, 
                            0.8928571428571429
                        ]
                    }
                }, 
                "playlist_owner": {
                    "recall": {
                        "10": [
                            0.9444444444444444, 
                            0.9444444444444444, 
                            0.9444444444444444
                        ], 
                        "20": [
                            0.9444444444444444, 
                            0.9444444444444444, 
                            0.9444444444444444
                        ], 
                        "50": [
                            0.8148148148148148, 
                            0.9444444444444444, 
                            0.9444444444444444
                        ], 
                        "70": [
                            0.8518518518518519, 
                            0.9444444444444444, 
                            0.8518518518518519
                        ]
                    }, 
                    "rate": 64, 
                    "precision": {
                        "10": [
                            1.0, 
                            1.0, 
                            1.0
                        ], 
                        "20": [
                            1.0, 
                            1.0, 
                            1.0
                        ], 
                        "50": [
                            1.0, 
                            1.0, 
                            1.0
                        ], 
                        "70": [
                            1.0, 
                            1.0, 
                            1.0
                        ]
                    }
                }, 
                "entity_name": {
                    "recall": {
                        "10": [
                            0.0, 
                            0.0, 
                            0.0
                        ], 
                        "20": [
                            0.0, 
                            0.0, 
                            0.05555555555555555
                        ], 
                        "50": [
                            0.1111111111111111, 
                            0.0, 
                            0.05555555555555555
                        ], 
                        "70": [
                            0.05555555555555555, 
                            0.0, 
                            0.05555555555555555
                        ]
                    }, 
                    "rate": 29, 
                    "precision": {
                        "10": [
                            NaN, 
                            NaN, 
                            NaN
                        ], 
                        "20": [
                            NaN, 
                            NaN, 
                            1.0
                        ], 
                        "50": [
                            0.16666666666666666, 
                            NaN, 
                            1.0
                        ], 
                        "70": [
                            0.2, 
                            NaN, 
                            0.125
                        ]
                    }
                }, 
                "artist": {
                    "recall": {
                        "10": [
                            0.0, 
                            0.0, 
                            0.0
                        ], 
                        "20": [
                            0.0, 
                            0.0, 
                            0.0
                        ], 
                        "50": [
                            0.08695652173913043, 
                            0.0, 
                            0.0
                        ], 
                        "70": [
                            0.2608695652173913, 
                            0.0, 
                            0.15217391304347827
                        ]
                    }, 
                    "rate": 38,