{
    "intents": {
        "AddToPlaylist": {
            "recall": {
                "10": [
                    1.0, 
                    1.0, 
                    1.0
                ], 
                "20": [
                    1.0, 
                    1.0, 
                    1.0
                ], 
                "50": [
                    1.0, 
                    1.0, 
                    1.0
                ], 
                "70": [
                    1.0, 
                    1.0, 
                    1.0
                ]
            }, 
            "slots": {
                "playlist": {
                    "recall": {
                        "10": [
                            0.11, 
                            0.61, 
                            0.67
                        ], 
                        "20": [
                            0.64, 
                            0.64, 
                            0.73
                        ], 
                        "50": [
                            0.77, 
                            0.77, 
                            0.81
                        ], 
                        "70": [
                            0.85, 
                            0.85, 
                            0.8
                        ]
                    }, 
                    "rate": 100, 
                    "precision": {
                        "10": [
                            1.0, 
                            1.0, 
                            1.0
                        ], 
                        "20": [
                            1.0, 
                            1.0, 
                            1.0
                        ], 
                        "50": [
                            1.0, 
                            1.0, 
                            1.0
                        ], 
                        "70": [
                            1.0, 
                            1.0, 
                            1.0
                        ]
                    }
                }, 
                "music_item": {
                    "recall": {
                        "10": [
                            0.36363636363636365, 
                            0.43636363636363634, 
                            0.2
                        ], 
                        "20": [
                            0.5272727272727272, 
                            0.5272727272727272, 
                            0.5636363636363636
                        ], 
                        "50": [
                            0.9090909090909091, 
                            0.9090909090909091, 
                            0.7636363636363637
                        ], 
                        "70": [
                            0.9454545454545454, 
                            0.9454545454545454, 
                            0.9636363636363636
                        ]
                    }, 
                    "rate": 46, 
                    "precision": {
                        "10": [
                            1.0, 
                            1.0, 
                            1.0
                        ], 
                        "20": [
                            1.0, 
                            1.0, 
                            1.0
                        ], 
                        "50": [
                            0.9803921568627451, 
                            0.9803921568627451, 
                            1.0
                        ], 
                        "70": [
                            0.9629629629629629, 
                            0.9629629629629629, 
                            0.9636363636363636
                        ]
                    }
                }, 
                "playlist_owner": {
                    "recall": {
                        "10": [
                            0.8888888888888888, 
                            0.7777777777777778, 
                            0.7777777777777778
                        ], 
                        "20": [
                            0.9074074074074074, 
                            0.9074074074074074, 
                            0.8148148148148148
                        ], 
                        "50": [
                            0.9444444444444444, 
                            0.9444444444444444, 
                            0.9444444444444444
                        ], 
                        "70": [
                            0.9444444444444444, 
                            0.9444444444444444, 
                            0.9444444444444444
                        ]
                    }, 
                    "rate": 64, 
                    "precision": {
                        "10": [
                            1.0, 
                            1.0, 
                            1.0
                        ], 
                        "20": [
                            1.0, 
                            1.0, 
                            1.0
                        ], 
                        "50": [
                            1.0, 
                            1.0, 
                            1.0
                        ], 
                        "70": [
                            1.0, 
                            1.0, 
                            1.0
                        ]
                    }
                }, 
                "entity_name": {
                    "recall": {
                        "10": [
                            0.0, 
                            0.0, 
                            0.1111111111111111
                        ], 
                        "20": [
                            0.05555555555555555, 
                            0.05555555555555555, 
                            0.1111111111111111
                        ], 
                        "50": [
                            0.05555555555555555, 
                            0.05555555555555555, 
                            0.1111111111111111
                        ], 
                        "70": [
                            0.0, 
                            0.0, 
                            0.0
                        ]
                    }, 
                    "rate": 29, 
                    "precision": {
                        "10": [
                            NaN, 
                            NaN, 
                            0.6666666666666666
                        ], 
                        "20": [
                            0.5, 
                            0.5, 
                            0.6666666666666666
                        ], 
                        "50": [
                            0.3333333333333333, 
                            0.3333333333333333, 
                            0.5
                        ], 
                        "70": [
                            0.0, 
                            0.0, 
                            0.0
                        ]
                    }
                }, 
                "artist": {
                    "recall": {
                        "10": [
                            0.0, 
                            0.0, 
                            0.0
                        ], 
                        "20": [
                            0.0, 
                            0.0, 
                            0.08695652173913043
                        ], 
                        "50": [
                            0.10869565217391304, 
                            0.10869565217391304, 
                            0.10869565217391304
                        ], 
                        "70": [
                            0.15217391304347827, 
                            0.15217391304347827, 
                            0.13043478260869565
                        ]
                    }, 
                    "rate": 38,