{
    "intents": {
        "AddToPlaylist": {
            "recall": {
                "10": [
                    1.0, 
                    1.0, 
                    1.0
                ], 
                "20": [
                    1.0, 
                    1.0, 
                    1.0
                ], 
                "50": [
                    1.0, 
                    1.0, 
                    1.0
                ], 
                "70": [
                    1.0, 
                    1.0, 
                    0.99
                ]
            }, 
            "slots": {
                "playlist": {
                    "recall": {
                        "10": [
                            0.74, 
                            0.83, 
                            0.76
                        ], 
                        "20": [
                            0.77, 
                            0.87, 
                            0.89
                        ], 
                        "50": [
                            0.85, 
                            0.89, 
                            0.86
                        ], 
                        "70": [
                            0.87, 
                            0.9, 
                            0.91
                        ]
                    }, 
                    "rate": 100, 
                    "precision": {
                        "10": [
                            0.6379310344827587, 
                            0.7410714285714286, 
                            0.6785714285714286
                        ], 
                        "20": [
                            0.6260162601626016, 
                            0.7565217391304347, 
                            0.7739130434782608
                        ], 
                        "50": [
                            0.7798165137614679, 
                            0.7807017543859649, 
                            0.7818181818181819
                        ], 
                        "70": [
                            0.7699115044247787, 
                            0.8411214953271028, 
                            0.8666666666666667
                        ]
                    }
                }, 
                "music_item": {
                    "recall": {
                        "10": [
                            0.6909090909090909, 
                            0.8545454545454545, 
                            0.8363636363636363
                        ], 
                        "20": [
                            0.8545454545454545, 
                            0.8727272727272727, 
                            0.8363636363636363
                        ], 
                        "50": [
                            0.9090909090909091, 
                            0.9818181818181818, 
                            0.8727272727272727
                        ], 
                        "70": [
                            0.9636363636363636, 
                            1.0, 
                            0.9090909090909091
                        ]
                    }, 
                    "rate": 46, 
                    "precision": {
                        "10": [
                            0.7037037037037037, 
                            0.6811594202898551, 
                            0.7301587301587301
                        ], 
                        "20": [
                            0.8245614035087719, 
                            0.7164179104477612, 
                            0.8679245283018868
                        ], 
                        "50": [
                            0.8771929824561403, 
                            0.8181818181818182, 
                            0.8421052631578947
                        ], 
                        "70": [
                            0.9464285714285714, 
                            0.9166666666666666, 
                            0.8771929824561403
                        ]
                    }
                }, 
                "playlist_owner": {
                    "recall": {
                        "10": [
                            0.5, 
                            0.8333333333333334, 
                            0.8333333333333334
                        ], 
                        "20": [
                            0.9259259259259259, 
                            0.9259259259259259, 
                            0.9074074074074074
                        ], 
                        "50": [
                            0.9814814814814815, 
                            0.8888888888888888, 
                            1.0
                        ], 
                        "70": [
                            1.0, 
                            0.9444444444444444, 
                            0.9814814814814815
                        ]
                    }, 
                    "rate": 64, 
                    "precision": {
                        "10": [
                            0.8181818181818182, 
                            0.6716417910447762, 
                            0.9183673469387755
                        ], 
                        "20": [
                            0.9090909090909091, 
                            0.9090909090909091, 
                            0.98
                        ], 
                        "50": [
                            0.9636363636363636, 
                            0.9411764705882353, 
                            0.9473684210526315
                        ], 
                        "70": [
                            0.9818181818181818, 
                            1.0, 
                            0.9636363636363636
                        ]
                    }
                }, 
                "entity_name": {
                    "recall": {
                        "10": [
                            0.2222222222222222, 
                            0.1111111111111111, 
                            0.2222222222222222
                        ], 
                        "20": [
                            0.2777777777777778, 
                            0.2222222222222222, 
                            0.3333333333333333
                        ], 
                        "50": [
                            0.3888888888888889, 
                            0.2777777777777778, 
                            0.6666666666666666
                        ], 
                        "70": [
                            0.5555555555555556, 
                            0.3333333333333333, 
                            0.3888888888888889
                        ]
                    }, 
                    "rate": 29, 
                    "precision": {
                        "10": [
                            0.10810810810810811, 
                            0.08, 
                            0.4444444444444444
                        ], 
                        "20": [
                            0.15625, 
                            0.12121212121212122, 
                            0.46153846153846156
                        ], 
                        "50": [
                            0.28, 
                            0.20833333333333334, 
                            0.41379310344827586
                        ], 
                        "70": [
                            0.47619047619047616, 
                            0.25, 
                            0.3888888888888889
                        ]
                    }
                }, 
                "artist": {
                    "recall": {
                        "10": [
                            0.10869565217391304, 
                            0.32608695652173914, 
                            0.6956521739130435
                        ],